anomaly_id,equipment_id,event_time,severity,anomaly_type,description
AE001,EQ001,2026-07-05 06:30:00,high,bearing vibration,"AE001 on EQ001 (Checkweigher 001) was traced to lubricant degradation after an extended duty cycle; the technician paused the cycle, verified the physical connections, and recalibrated the control point; the reading returned within the control limit and production resumed under observation."
AE002,EQ001,2026-08-02 07:10:00,medium,temperature,"AE002 on EQ001 (Checkweigher 001) was traced to a cooling fan operating below its rated speed; the technician paused the cycle, verified the physical connections, and recalibrated the control point; the follow-up trial showed no recurrence, although a preventive inspection was added to the next shift."
AE003,EQ003,2026-07-09 03:20:00,high,sensor drift,"AE003 on EQ003 (Conveyor 003) was traced to a contaminated sensing surface that weakened the signal; the shift lead moved work to a standby asset while engineering checked the operating history; the alarm cleared during verification, with a replacement part scheduled to reduce recurrence risk."
AE004,EQ005,2026-06-06 10:00:00,low,routine alert,"AE004 on EQ005 (Filling Machine 005) was traced to a process condition that had moved outside the validated operating window; the operator isolated the affected station and maintenance inspected the signal path; the follow-up trial showed no recurrence, although a preventive inspection was added to the next shift."
AE005,EQ006,2026-06-07 10:00:00,low,routine alert,"AE005 on EQ006 (Cartoner 006) was traced to component wear detected during operator inspection; the technician paused the cycle, verified the physical connections, and recalibrated the control point; the reading returned within the control limit and production resumed under observation."
AE006,EQ007,2026-06-08 10:00:00,low,routine alert,"AE006 on EQ007 (Conveyor 007) was traced to an unstable input signal observed during the shift; maintenance reduced the load, replaced the suspect consumable, and ran a controlled trial; the follow-up trial showed no recurrence, although a preventive inspection was added to the next shift."
AE007,EQ008,2026-06-09 10:00:00,low,routine alert,AE007 on EQ008 (Conveyor 008) was traced to a process condition that had moved outside the validated operating window; the shift lead moved work to a standby asset while engineering checked the operating history; output stabilized after the intervention and the lot was released after an additional quality check.
AE008,EQ009,2026-06-10 10:00:00,low,routine alert,"AE008 on EQ009 (Filling Machine 009) was traced to component wear detected during operator inspection; the team cleaned the affected assembly, restored the standard setting, and monitored three test cycles; the reading returned within the control limit and production resumed under observation."
AE009,EQ010,2026-06-11 10:00:00,low,routine alert,"AE009 on EQ010 (Filling Machine 010) was traced to an unstable input signal observed during the shift; the operator isolated the affected station and maintenance inspected the signal path; the follow-up trial showed no recurrence, although a preventive inspection was added to the next shift."
AE010,EQ001,2026-06-12 10:00:00,low,routine alert,"AE010 on EQ001 (Checkweigher 001) was traced to a process condition that had moved outside the validated operating window; maintenance reduced the load, replaced the suspect consumable, and ran a controlled trial; the reading returned within the control limit and production resumed under observation."
AE011,EQ002,2026-06-13 10:00:00,low,routine alert,AE011 on EQ002 (Cartoner 002) was traced to component wear detected during operator inspection; the shift lead moved work to a standby asset while engineering checked the operating history; output stabilized after the intervention and the lot was released after an additional quality check.
AE012,EQ003,2026-06-14 10:00:00,low,routine alert,"AE012 on EQ003 (Conveyor 003) was traced to an unstable input signal observed during the shift; the team cleaned the affected assembly, restored the standard setting, and monitored three test cycles; the alarm cleared during verification, with a replacement part scheduled to reduce recurrence risk."
AE0013,EQ029,2025-11-12 11:29:00,medium,label vision inspection failure,"AE0013 on EQ029 (Label Applicator 029) was traced to residue on the inspection lens; the technician paused the cycle, verified the physical connections, and recalibrated the control point; the reading returned within the control limit and production resumed under observation."
AE0014,EQ006,2026-05-15 02:50:00,medium,conveyor bearing vibration,"AE0014 on EQ006 (Cartoner 006) was traced to misalignment that increased radial load; maintenance reduced the load, replaced the suspect consumable, and ran a controlled trial; the alarm cleared during verification, with a replacement part scheduled to reduce recurrence risk."
AE0015,EQ012,2024-10-16 08:56:00,high,sealing pressure loss,"AE0015 on EQ012 (Checkweigher 012) was traced to a regulator that responded slowly to load changes; the shift lead moved work to a standby asset while engineering checked the operating history; the alarm cleared during verification, with a replacement part scheduled to reduce recurrence risk."
AE0016,EQ036,2026-08-02 08:39:00,medium,packing cycle time deviation,"AE0016 on EQ036 (Cartoner 036) was traced to material feeding friction that lengthened the transfer step; the technician paused the cycle, verified the physical connections, and recalibrated the control point; the reading returned within the control limit and production resumed under observation."
AE0017,EQ019,2024-04-11 14:45:00,low,packing cycle time deviation,"AE0017 on EQ019 (Filling Machine 019) was traced to a controller timing parameter that had drifted from baseline; maintenance reduced the load, replaced the suspect consumable, and ran a controlled trial; the alarm cleared during verification, with a replacement part scheduled to reduce recurrence risk."
AE0018,EQ003,2024-12-17 07:10:00,medium,label vision inspection failure,"AE0018 on EQ003 (Conveyor 003) was traced to a fixture position shift that changed the camera angle; the technician paused the cycle, verified the physical connections, and recalibrated the control point; output stabilized after the intervention and the lot was released after an additional quality check."
AE0019,EQ025,2026-12-19 03:33:00,high,sealing pressure loss,"AE0019 on EQ025 (Filling Machine 025) was traced to a loosened fitting in the pneumatic circuit; maintenance reduced the load, replaced the suspect consumable, and ran a controlled trial; the reading returned within the control limit and production resumed under observation."
AE0020,EQ007,2024-03-02 10:03:00,low,cold-chain temperature drift,"AE0020 on EQ007 (Conveyor 007) was traced to a cooling fan operating below its rated speed; the technician paused the cycle, verified the physical connections, and recalibrated the control point; the reading returned within the control limit and production resumed under observation."
AE0021,EQ015,2025-09-16 23:04:00,low,barcode sensor dropout,"AE0021 on EQ015 (Filling Machine 015) was traced to a contaminated sensing surface that weakened the signal; the technician paused the cycle, verified the physical connections, and recalibrated the control point; the alarm cleared during verification, with a replacement part scheduled to reduce recurrence risk."
AE0022,EQ034,2026-09-18 19:07:00,low,sealing pressure loss,"AE0022 on EQ034 (Conveyor 034) was traced to a loosened fitting in the pneumatic circuit; the technician paused the cycle, verified the physical connections, and recalibrated the control point; output stabilized after the intervention and the lot was released after an additional quality check."
AE0023,EQ014,2026-07-16 09:00:00,high,conveyor bearing vibration,"AE0023 on EQ014 (Conveyor 014) was traced to misalignment that increased radial load; maintenance reduced the load, replaced the suspect consumable, and ran a controlled trial; the alarm cleared during verification, with a replacement part scheduled to reduce recurrence risk."
AE0024,EQ019,2025-11-16 15:18:00,low,cold-chain temperature drift,"AE0024 on EQ019 (Filling Machine 019) was traced to thermal drift after repeated high-load cycles; the operator isolated the affected station and maintenance inspected the signal path; the follow-up trial showed no recurrence, although a preventive inspection was added to the next shift."
AE0025,EQ034,2024-07-31 05:20:00,medium,power instability,AE0025 on EQ034 (Conveyor 034) was traced to a brief voltage sag on the shared distribution panel; the operator isolated the affected station and maintenance inspected the signal path; the reading returned within the control limit and production resumed under observation.
AE0026,EQ021,2026-05-03 20:00:00,high,cold-chain temperature drift,"AE0026 on EQ021 (Checkweigher 021) was traced to a cooling fan operating below its rated speed; maintenance reduced the load, replaced the suspect consumable, and ran a controlled trial; the reading returned within the control limit and production resumed under observation."
AE0027,EQ040,2026-02-05 18:58:00,low,packing cycle time deviation,AE0027 on EQ040 (Palletizer 040) was traced to operator sequencing differences during a product changeover; the shift lead moved work to a standby asset while engineering checked the operating history; the asset remained available at reduced speed and engineering opened a follow-up reliability review.
AE0028,EQ008,2024-06-22 10:58:00,low,power instability,"AE0028 on EQ008 (Conveyor 008) was traced to a brief voltage sag on the shared distribution panel; the shift lead moved work to a standby asset while engineering checked the operating history; the alarm cleared during verification, with a replacement part scheduled to reduce recurrence risk."
AE0029,EQ020,2025-10-05 00:54:00,low,conveyor bearing vibration,AE0029 on EQ020 (Case Packer 020) was traced to misalignment that increased radial load; the shift lead moved work to a standby asset while engineering checked the operating history; output stabilized after the intervention and the lot was released after an additional quality check.
AE0030,EQ015,2026-03-10 08:45:00,low,sealing pressure loss,"AE0030 on EQ015 (Filling Machine 015) was traced to a regulator that responded slowly to load changes; the operator isolated the affected station and maintenance inspected the signal path; the alarm cleared during verification, with a replacement part scheduled to reduce recurrence risk."
AE0031,EQ037,2025-09-18 00:27:00,low,sealing pressure loss,"AE0031 on EQ037 (Label Applicator 037) was traced to a loosened fitting in the pneumatic circuit; the technician paused the cycle, verified the physical connections, and recalibrated the control point; the reading returned within the control limit and production resumed under observation."
AE0032,EQ030,2024-04-12 21:12:00,medium,cold-chain temperature drift,"AE0032 on EQ030 (Cartoner 030) was traced to a cooling fan operating below its rated speed; the team cleaned the affected assembly, restored the standard setting, and monitored three test cycles; the alarm cleared during verification, with a replacement part scheduled to reduce recurrence risk."
AE0033,EQ007,2024-10-02 04:17:00,low,sealing pressure loss,AE0033 on EQ007 (Conveyor 007) was traced to a regulator that responded slowly to load changes; the shift lead moved work to a standby asset while engineering checked the operating history; the asset remained available at reduced speed and engineering opened a follow-up reliability review.
AE0034,EQ013,2025-09-13 04:35:00,medium,barcode sensor dropout,"AE0034 on EQ013 (Case Packer 013) was traced to an intermittent connector at the sensor terminal; the operator isolated the affected station and maintenance inspected the signal path; the alarm cleared during verification, with a replacement part scheduled to reduce recurrence risk."
AE0035,EQ034,2026-11-03 13:45:00,low,label vision inspection failure,"AE0035 on EQ034 (Conveyor 034) was traced to lighting intensity below the validated inspection range; the operator isolated the affected station and maintenance inspected the signal path; the follow-up trial showed no recurrence, although a preventive inspection was added to the next shift."
AE0036,EQ038,2025-02-06 19:09:00,medium,barcode sensor dropout,"AE0036 on EQ038 (Filling Machine 038) was traced to a contaminated sensing surface that weakened the signal; maintenance reduced the load, replaced the suspect consumable, and ran a controlled trial; the asset remained available at reduced speed and engineering opened a follow-up reliability review."
AE0037,EQ002,2025-12-15 03:15:00,low,sealing pressure loss,"AE0037 on EQ002 (Cartoner 002) was traced to a loosened fitting in the pneumatic circuit; maintenance reduced the load, replaced the suspect consumable, and ran a controlled trial; the alarm cleared during verification, with a replacement part scheduled to reduce recurrence risk."
AE0038,EQ040,2024-02-13 07:05:00,medium,conveyor bearing vibration,"AE0038 on EQ040 (Palletizer 040) was traced to misalignment that increased radial load; the shift lead moved work to a standby asset while engineering checked the operating history; the follow-up trial showed no recurrence, although a preventive inspection was added to the next shift."
AE0039,EQ001,2024-11-03 05:27:00,medium,sealing pressure loss,"AE0039 on EQ001 (Checkweigher 001) was traced to a regulator that responded slowly to load changes; the team cleaned the affected assembly, restored the standard setting, and monitored three test cycles; the asset remained available at reduced speed and engineering opened a follow-up reliability review."
AE0040,EQ017,2024-07-25 04:15:00,critical,barcode sensor dropout,"AE0040 on EQ017 (Cartoner 017) was traced to an intermittent connector at the sensor terminal; maintenance reduced the load, replaced the suspect consumable, and ran a controlled trial; output stabilized after the intervention and the lot was released after an additional quality check."
AE0041,EQ001,2025-11-15 12:51:00,medium,power instability,AE0041 on EQ001 (Checkweigher 001) was traced to a loose terminal in the local power cabinet; the shift lead moved work to a standby asset while engineering checked the operating history; output stabilized after the intervention and the lot was released after an additional quality check.
AE0042,EQ030,2025-10-03 20:36:00,low,barcode sensor dropout,"AE0042 on EQ030 (Cartoner 030) was traced to a contaminated sensing surface that weakened the signal; the team cleaned the affected assembly, restored the standard setting, and monitored three test cycles; the asset remained available at reduced speed and engineering opened a follow-up reliability review."
AE0043,EQ006,2024-01-07 04:40:00,low,cold-chain temperature drift,"AE0043 on EQ006 (Cartoner 006) was traced to restricted airflow around the control cabinet; the technician paused the cycle, verified the physical connections, and recalibrated the control point; the reading returned within the control limit and production resumed under observation."
AE0044,EQ023,2024-04-13 12:25:00,medium,barcode sensor dropout,"AE0044 on EQ023 (Checkweigher 023) was traced to electrical noise near the signal cable; the technician paused the cycle, verified the physical connections, and recalibrated the control point; the reading returned within the control limit and production resumed under observation."
AE0045,EQ040,2024-09-01 06:57:00,high,power instability,"AE0045 on EQ040 (Palletizer 040) was traced to load switching from adjacent equipment that disturbed the supply; maintenance reduced the load, replaced the suspect consumable, and ran a controlled trial; the asset remained available at reduced speed and engineering opened a follow-up reliability review."
AE0046,EQ036,2024-03-05 01:02:00,medium,cold-chain temperature drift,"AE0046 on EQ036 (Cartoner 036) was traced to restricted airflow around the control cabinet; the team cleaned the affected assembly, restored the standard setting, and monitored three test cycles; the alarm cleared during verification, with a replacement part scheduled to reduce recurrence risk."
AE0047,EQ008,2024-07-04 19:52:00,high,packing cycle time deviation,AE0047 on EQ008 (Conveyor 008) was traced to a controller timing parameter that had drifted from baseline; the operator isolated the affected station and maintenance inspected the signal path; the asset remained available at reduced speed and engineering opened a follow-up reliability review.
AE0048,EQ009,2025-01-20 00:49:00,low,sealing pressure loss,"AE0048 on EQ009 (Filling Machine 009) was traced to a regulator that responded slowly to load changes; the team cleaned the affected assembly, restored the standard setting, and monitored three test cycles; output stabilized after the intervention and the lot was released after an additional quality check."
AE0049,EQ040,2025-10-07 10:22:00,low,sealing pressure loss,"AE0049 on EQ040 (Palletizer 040) was traced to a loosened fitting in the pneumatic circuit; the operator isolated the affected station and maintenance inspected the signal path; the alarm cleared during verification, with a replacement part scheduled to reduce recurrence risk."
AE0050,EQ032,2024-08-04 12:48:00,medium,sealing pressure loss,"AE0050 on EQ032 (Cartoner 032) was traced to seal wear that allowed a gradual pressure leak; maintenance reduced the load, replaced the suspect consumable, and ran a controlled trial; the alarm cleared during verification, with a replacement part scheduled to reduce recurrence risk."
AE0051,EQ025,2026-05-08 02:17:00,high,sealing pressure loss,"AE0051 on EQ025 (Filling Machine 025) was traced to a regulator that responded slowly to load changes; the shift lead moved work to a standby asset while engineering checked the operating history; the follow-up trial showed no recurrence, although a preventive inspection was added to the next shift."
AE0052,EQ031,2025-09-06 11:37:00,low,sealing pressure loss,"AE0052 on EQ031 (Metal Detector 031) was traced to a loosened fitting in the pneumatic circuit; the team cleaned the affected assembly, restored the standard setting, and monitored three test cycles; the follow-up trial showed no recurrence, although a preventive inspection was added to the next shift."
AE0053,EQ020,2024-06-18 22:27:00,high,packing cycle time deviation,"AE0053 on EQ020 (Case Packer 020) was traced to a controller timing parameter that had drifted from baseline; maintenance reduced the load, replaced the suspect consumable, and ran a controlled trial; the asset remained available at reduced speed and engineering opened a follow-up reliability review."
AE0054,EQ032,2024-06-17 18:31:00,low,packing cycle time deviation,AE0054 on EQ032 (Cartoner 032) was traced to operator sequencing differences during a product changeover; the shift lead moved work to a standby asset while engineering checked the operating history; output stabilized after the intervention and the lot was released after an additional quality check.
AE0055,EQ014,2026-07-30 09:19:00,low,cold-chain temperature drift,"AE0055 on EQ014 (Conveyor 014) was traced to restricted airflow around the control cabinet; the team cleaned the affected assembly, restored the standard setting, and monitored three test cycles; the alarm cleared during verification, with a replacement part scheduled to reduce recurrence risk."
AE0056,EQ017,2026-08-27 05:54:00,medium,conveyor bearing vibration,AE0056 on EQ017 (Cartoner 017) was traced to misalignment that increased radial load; the shift lead moved work to a standby asset while engineering checked the operating history; the asset remained available at reduced speed and engineering opened a follow-up reliability review.
AE0057,EQ024,2024-03-17 16:46:00,medium,label vision inspection failure,"AE0057 on EQ024 (Label Applicator 024) was traced to a fixture position shift that changed the camera angle; the team cleaned the affected assembly, restored the standard setting, and monitored three test cycles; the alarm cleared during verification, with a replacement part scheduled to reduce recurrence risk."
AE0058,EQ022,2026-11-29 07:14:00,low,packing cycle time deviation,"AE0058 on EQ022 (Cartoner 022) was traced to material feeding friction that lengthened the transfer step; maintenance reduced the load, replaced the suspect consumable, and ran a controlled trial; the follow-up trial showed no recurrence, although a preventive inspection was added to the next shift."
AE0059,EQ037,2026-01-07 18:52:00,low,packing cycle time deviation,AE0059 on EQ037 (Label Applicator 037) was traced to a controller timing parameter that had drifted from baseline; the shift lead moved work to a standby asset while engineering checked the operating history; the reading returned within the control limit and production resumed under observation.
AE0060,EQ034,2024-06-12 23:07:00,medium,sealing pressure loss,AE0060 on EQ034 (Conveyor 034) was traced to a regulator that responded slowly to load changes; the shift lead moved work to a standby asset while engineering checked the operating history; the asset remained available at reduced speed and engineering opened a follow-up reliability review.
AE0061,EQ028,2026-12-16 15:26:00,medium,cold-chain temperature drift,"AE0061 on EQ028 (Cartoner 028) was traced to restricted airflow around the control cabinet; the technician paused the cycle, verified the physical connections, and recalibrated the control point; the reading returned within the control limit and production resumed under observation."
AE0062,EQ027,2026-09-08 13:49:00,high,barcode sensor dropout,"AE0062 on EQ027 (Checkweigher 027) was traced to electrical noise near the signal cable; the technician paused the cycle, verified the physical connections, and recalibrated the control point; the reading returned within the control limit and production resumed under observation."
AE0063,EQ032,2026-10-18 14:26:00,medium,label vision inspection failure,"AE0063 on EQ032 (Cartoner 032) was traced to a fixture position shift that changed the camera angle; the technician paused the cycle, verified the physical connections, and recalibrated the control point; output stabilized after the intervention and the lot was released after an additional quality check."
AE0064,EQ025,2025-07-14 08:40:00,high,packing cycle time deviation,"AE0064 on EQ025 (Filling Machine 025) was traced to material feeding friction that lengthened the transfer step; the team cleaned the affected assembly, restored the standard setting, and monitored three test cycles; the reading returned within the control limit and production resumed under observation."
AE0065,EQ024,2025-05-28 02:42:00,high,label vision inspection failure,AE0065 on EQ024 (Label Applicator 024) was traced to lighting intensity below the validated inspection range; the shift lead moved work to a standby asset while engineering checked the operating history; output stabilized after the intervention and the lot was released after an additional quality check.
AE0066,EQ020,2026-11-19 17:23:00,medium,label vision inspection failure,"AE0066 on EQ020 (Case Packer 020) was traced to a fixture position shift that changed the camera angle; the team cleaned the affected assembly, restored the standard setting, and monitored three test cycles; the alarm cleared during verification, with a replacement part scheduled to reduce recurrence risk."
AE0067,EQ034,2025-12-11 05:32:00,medium,conveyor bearing vibration,"AE0067 on EQ034 (Conveyor 034) was traced to lubricant degradation after an extended duty cycle; the operator isolated the affected station and maintenance inspected the signal path; the follow-up trial showed no recurrence, although a preventive inspection was added to the next shift."
AE0068,EQ035,2026-08-23 23:19:00,medium,barcode sensor dropout,"AE0068 on EQ035 (Metal Detector 035) was traced to electrical noise near the signal cable; maintenance reduced the load, replaced the suspect consumable, and ran a controlled trial; the alarm cleared during verification, with a replacement part scheduled to reduce recurrence risk."
AE0069,EQ017,2026-08-04 23:21:00,low,power instability,"AE0069 on EQ017 (Cartoner 017) was traced to load switching from adjacent equipment that disturbed the supply; the shift lead moved work to a standby asset while engineering checked the operating history; the alarm cleared during verification, with a replacement part scheduled to reduce recurrence risk."
AE0070,EQ010,2025-01-22 23:08:00,high,sealing pressure loss,"AE0070 on EQ010 (Filling Machine 010) was traced to a loosened fitting in the pneumatic circuit; the team cleaned the affected assembly, restored the standard setting, and monitored three test cycles; output stabilized after the intervention and the lot was released after an additional quality check."
AE0071,EQ012,2024-09-30 11:29:00,medium,barcode sensor dropout,"AE0071 on EQ012 (Checkweigher 012) was traced to electrical noise near the signal cable; the technician paused the cycle, verified the physical connections, and recalibrated the control point; the reading returned within the control limit and production resumed under observation."
AE0072,EQ014,2024-03-29 17:56:00,high,conveyor bearing vibration,"AE0072 on EQ014 (Conveyor 014) was traced to wear in the drive-side bearing race; the technician paused the cycle, verified the physical connections, and recalibrated the control point; output stabilized after the intervention and the lot was released after an additional quality check."
AE0073,EQ035,2024-06-01 21:32:00,medium,packing cycle time deviation,"AE0073 on EQ035 (Metal Detector 035) was traced to material feeding friction that lengthened the transfer step; the team cleaned the affected assembly, restored the standard setting, and monitored three test cycles; the asset remained available at reduced speed and engineering opened a follow-up reliability review."
AE0074,EQ004,2025-11-04 10:52:00,high,label vision inspection failure,"AE0074 on EQ004 (Filling Machine 004) was traced to lighting intensity below the validated inspection range; the shift lead moved work to a standby asset while engineering checked the operating history; the follow-up trial showed no recurrence, although a preventive inspection was added to the next shift."
AE0075,EQ023,2025-05-27 07:07:00,medium,cold-chain temperature drift,"AE0075 on EQ023 (Checkweigher 023) was traced to thermal drift after repeated high-load cycles; the technician paused the cycle, verified the physical connections, and recalibrated the control point; the asset remained available at reduced speed and engineering opened a follow-up reliability review."
AE0076,EQ019,2025-11-16 18:29:00,low,conveyor bearing vibration,"AE0076 on EQ019 (Filling Machine 019) was traced to lubricant degradation after an extended duty cycle; the operator isolated the affected station and maintenance inspected the signal path; the alarm cleared during verification, with a replacement part scheduled to reduce recurrence risk."
AE0077,EQ036,2025-04-29 08:41:00,low,cold-chain temperature drift,AE0077 on EQ036 (Cartoner 036) was traced to a cooling fan operating below its rated speed; the shift lead moved work to a standby asset while engineering checked the operating history; output stabilized after the intervention and the lot was released after an additional quality check.
AE0078,EQ022,2026-11-26 12:38:00,low,barcode sensor dropout,"AE0078 on EQ022 (Cartoner 022) was traced to a contaminated sensing surface that weakened the signal; the shift lead moved work to a standby asset while engineering checked the operating history; the alarm cleared during verification, with a replacement part scheduled to reduce recurrence risk."
AE0079,EQ011,2025-07-23 11:53:00,medium,packing cycle time deviation,AE0079 on EQ011 (Metal Detector 011) was traced to material feeding friction that lengthened the transfer step; the operator isolated the affected station and maintenance inspected the signal path; the reading returned within the control limit and production resumed under observation.
AE0080,EQ025,2026-10-26 01:50:00,medium,power instability,"AE0080 on EQ025 (Filling Machine 025) was traced to a loose terminal in the local power cabinet; the technician paused the cycle, verified the physical connections, and recalibrated the control point; the alarm cleared during verification, with a replacement part scheduled to reduce recurrence risk."
AE0081,EQ035,2024-12-18 12:11:00,low,sealing pressure loss,"AE0081 on EQ035 (Metal Detector 035) was traced to a regulator that responded slowly to load changes; the technician paused the cycle, verified the physical connections, and recalibrated the control point; the alarm cleared during verification, with a replacement part scheduled to reduce recurrence risk."
AE0082,EQ019,2025-08-18 19:23:00,high,barcode sensor dropout,AE0082 on EQ019 (Filling Machine 019) was traced to an intermittent connector at the sensor terminal; the shift lead moved work to a standby asset while engineering checked the operating history; the reading returned within the control limit and production resumed under observation.
AE0083,EQ009,2025-04-17 04:16:00,medium,sealing pressure loss,"AE0083 on EQ009 (Filling Machine 009) was traced to seal wear that allowed a gradual pressure leak; the shift lead moved work to a standby asset while engineering checked the operating history; the follow-up trial showed no recurrence, although a preventive inspection was added to the next shift."
AE0084,EQ017,2024-12-05 12:49:00,low,cold-chain temperature drift,"AE0084 on EQ017 (Cartoner 017) was traced to thermal drift after repeated high-load cycles; the technician paused the cycle, verified the physical connections, and recalibrated the control point; the reading returned within the control limit and production resumed under observation."
AE0085,EQ040,2024-09-20 01:31:00,low,sealing pressure loss,"AE0085 on EQ040 (Palletizer 040) was traced to a loosened fitting in the pneumatic circuit; the operator isolated the affected station and maintenance inspected the signal path; the alarm cleared during verification, with a replacement part scheduled to reduce recurrence risk."
AE0086,EQ033,2024-02-22 14:18:00,low,barcode sensor dropout,"AE0086 on EQ033 (Checkweigher 033) was traced to electrical noise near the signal cable; maintenance reduced the load, replaced the suspect consumable, and ran a controlled trial; the follow-up trial showed no recurrence, although a preventive inspection was added to the next shift."
AE0087,EQ030,2024-08-12 09:54:00,high,conveyor bearing vibration,"AE0087 on EQ030 (Cartoner 030) was traced to wear in the drive-side bearing race; maintenance reduced the load, replaced the suspect consumable, and ran a controlled trial; the alarm cleared during verification, with a replacement part scheduled to reduce recurrence risk."
AE0088,EQ038,2025-09-03 15:13:00,low,barcode sensor dropout,"AE0088 on EQ038 (Filling Machine 038) was traced to an intermittent connector at the sensor terminal; the team cleaned the affected assembly, restored the standard setting, and monitored three test cycles; the follow-up trial showed no recurrence, although a preventive inspection was added to the next shift."
AE0089,EQ035,2024-02-05 10:01:00,medium,power instability,"AE0089 on EQ035 (Metal Detector 035) was traced to a loose terminal in the local power cabinet; the operator isolated the affected station and maintenance inspected the signal path; the follow-up trial showed no recurrence, although a preventive inspection was added to the next shift."
AE0090,EQ038,2024-10-07 18:48:00,critical,power instability,"AE0090 on EQ038 (Filling Machine 038) was traced to load switching from adjacent equipment that disturbed the supply; maintenance reduced the load, replaced the suspect consumable, and ran a controlled trial; the asset remained available at reduced speed and engineering opened a follow-up reliability review."
AE0091,EQ013,2025-08-09 12:45:00,medium,cold-chain temperature drift,"AE0091 on EQ013 (Case Packer 013) was traced to restricted airflow around the control cabinet; the team cleaned the affected assembly, restored the standard setting, and monitored three test cycles; the follow-up trial showed no recurrence, although a preventive inspection was added to the next shift."
AE0092,EQ036,2024-12-29 09:40:00,critical,barcode sensor dropout,"AE0092 on EQ036 (Cartoner 036) was traced to electrical noise near the signal cable; the team cleaned the affected assembly, restored the standard setting, and monitored three test cycles; the asset remained available at reduced speed and engineering opened a follow-up reliability review."
AE0093,EQ005,2025-11-26 22:44:00,low,sealing pressure loss,"AE0093 on EQ005 (Filling Machine 005) was traced to a regulator that responded slowly to load changes; the team cleaned the affected assembly, restored the standard setting, and monitored three test cycles; output stabilized after the intervention and the lot was released after an additional quality check."
AE0094,EQ001,2024-03-31 07:18:00,low,sealing pressure loss,AE0094 on EQ001 (Checkweigher 001) was traced to a loosened fitting in the pneumatic circuit; the operator isolated the affected station and maintenance inspected the signal path; the reading returned within the control limit and production resumed under observation.
AE0095,EQ039,2026-07-23 08:20:00,low,packing cycle time deviation,AE0095 on EQ039 (Filling Machine 039) was traced to a controller timing parameter that had drifted from baseline; the shift lead moved work to a standby asset while engineering checked the operating history; the asset remained available at reduced speed and engineering opened a follow-up reliability review.
AE0096,EQ020,2026-08-02 18:21:00,low,sealing pressure loss,"AE0096 on EQ020 (Case Packer 020) was traced to a regulator that responded slowly to load changes; maintenance reduced the load, replaced the suspect consumable, and ran a controlled trial; the follow-up trial showed no recurrence, although a preventive inspection was added to the next shift."
AE0097,EQ005,2024-10-17 08:41:00,low,cold-chain temperature drift,"AE0097 on EQ005 (Filling Machine 005) was traced to restricted airflow around the control cabinet; the operator isolated the affected station and maintenance inspected the signal path; the follow-up trial showed no recurrence, although a preventive inspection was added to the next shift."
AE0098,EQ013,2025-06-27 07:54:00,critical,packing cycle time deviation,"AE0098 on EQ013 (Case Packer 013) was traced to a controller timing parameter that had drifted from baseline; the technician paused the cycle, verified the physical connections, and recalibrated the control point; the alarm cleared during verification, with a replacement part scheduled to reduce recurrence risk."
AE0099,EQ007,2024-05-01 20:18:00,low,power instability,"AE0099 on EQ007 (Conveyor 007) was traced to load switching from adjacent equipment that disturbed the supply; the technician paused the cycle, verified the physical connections, and recalibrated the control point; the follow-up trial showed no recurrence, although a preventive inspection was added to the next shift."
AE0100,EQ019,2025-04-08 08:28:00,critical,conveyor bearing vibration,"AE0100 on EQ019 (Filling Machine 019) was traced to lubricant degradation after an extended duty cycle; the shift lead moved work to a standby asset while engineering checked the operating history; the follow-up trial showed no recurrence, although a preventive inspection was added to the next shift."
AE0101,EQ010,2026-09-15 20:13:00,low,packing cycle time deviation,"AE0101 on EQ010 (Filling Machine 010) was traced to a controller timing parameter that had drifted from baseline; the technician paused the cycle, verified the physical connections, and recalibrated the control point; output stabilized after the intervention and the lot was released after an additional quality check."
AE0102,EQ003,2024-09-03 22:59:00,high,label vision inspection failure,"AE0102 on EQ003 (Conveyor 003) was traced to a fixture position shift that changed the camera angle; the operator isolated the affected station and maintenance inspected the signal path; the follow-up trial showed no recurrence, although a preventive inspection was added to the next shift."
AE0103,EQ016,2025-07-13 04:59:00,medium,conveyor bearing vibration,"AE0103 on EQ016 (Checkweigher 016) was traced to lubricant degradation after an extended duty cycle; the technician paused the cycle, verified the physical connections, and recalibrated the control point; the follow-up trial showed no recurrence, although a preventive inspection was added to the next shift."
AE0104,EQ002,2024-12-02 02:39:00,critical,conveyor bearing vibration,"AE0104 on EQ002 (Cartoner 002) was traced to misalignment that increased radial load; maintenance reduced the load, replaced the suspect consumable, and ran a controlled trial; the alarm cleared during verification, with a replacement part scheduled to reduce recurrence risk."
AE0105,EQ013,2025-02-18 11:19:00,high,packing cycle time deviation,AE0105 on EQ013 (Case Packer 013) was traced to operator sequencing differences during a product changeover; the operator isolated the affected station and maintenance inspected the signal path; output stabilized after the intervention and the lot was released after an additional quality check.
AE0106,EQ035,2024-05-06 16:43:00,low,barcode sensor dropout,"AE0106 on EQ035 (Metal Detector 035) was traced to an intermittent connector at the sensor terminal; the operator isolated the affected station and maintenance inspected the signal path; the follow-up trial showed no recurrence, although a preventive inspection was added to the next shift."
AE0107,EQ033,2025-02-05 17:38:00,low,label vision inspection failure,AE0107 on EQ033 (Checkweigher 033) was traced to lighting intensity below the validated inspection range; the operator isolated the affected station and maintenance inspected the signal path; the reading returned within the control limit and production resumed under observation.
AE0108,EQ015,2026-03-09 23:22:00,medium,sealing pressure loss,"AE0108 on EQ015 (Filling Machine 015) was traced to a regulator that responded slowly to load changes; the technician paused the cycle, verified the physical connections, and recalibrated the control point; the asset remained available at reduced speed and engineering opened a follow-up reliability review."
AE0109,EQ009,2024-09-28 14:04:00,high,barcode sensor dropout,AE0109 on EQ009 (Filling Machine 009) was traced to an intermittent connector at the sensor terminal; the shift lead moved work to a standby asset while engineering checked the operating history; the reading returned within the control limit and production resumed under observation.
AE0110,EQ008,2026-12-16 13:23:00,low,label vision inspection failure,"AE0110 on EQ008 (Conveyor 008) was traced to lighting intensity below the validated inspection range; the team cleaned the affected assembly, restored the standard setting, and monitored three test cycles; the reading returned within the control limit and production resumed under observation."
AE0111,EQ030,2024-07-26 09:36:00,medium,barcode sensor dropout,"AE0111 on EQ030 (Cartoner 030) was traced to a contaminated sensing surface that weakened the signal; the technician paused the cycle, verified the physical connections, and recalibrated the control point; the follow-up trial showed no recurrence, although a preventive inspection was added to the next shift."
AE0112,EQ015,2024-12-08 05:42:00,low,barcode sensor dropout,"AE0112 on EQ015 (Filling Machine 015) was traced to an intermittent connector at the sensor terminal; maintenance reduced the load, replaced the suspect consumable, and ran a controlled trial; the asset remained available at reduced speed and engineering opened a follow-up reliability review."
AE0113,EQ038,2026-11-16 01:46:00,critical,label vision inspection failure,"AE0113 on EQ038 (Filling Machine 038) was traced to lighting intensity below the validated inspection range; maintenance reduced the load, replaced the suspect consumable, and ran a controlled trial; the reading returned within the control limit and production resumed under observation."
AE0114,EQ003,2025-11-04 22:12:00,medium,barcode sensor dropout,"AE0114 on EQ003 (Conveyor 003) was traced to a contaminated sensing surface that weakened the signal; the team cleaned the affected assembly, restored the standard setting, and monitored three test cycles; the asset remained available at reduced speed and engineering opened a follow-up reliability review."
AE0115,EQ015,2024-02-14 15:45:00,low,sealing pressure loss,"AE0115 on EQ015 (Filling Machine 015) was traced to a loosened fitting in the pneumatic circuit; the team cleaned the affected assembly, restored the standard setting, and monitored three test cycles; output stabilized after the intervention and the lot was released after an additional quality check."
AE0116,EQ034,2026-10-23 18:05:00,low,sealing pressure loss,"AE0116 on EQ034 (Conveyor 034) was traced to seal wear that allowed a gradual pressure leak; the operator isolated the affected station and maintenance inspected the signal path; the follow-up trial showed no recurrence, although a preventive inspection was added to the next shift."
AE0117,EQ022,2025-03-15 08:28:00,medium,conveyor bearing vibration,"AE0117 on EQ022 (Cartoner 022) was traced to wear in the drive-side bearing race; the technician paused the cycle, verified the physical connections, and recalibrated the control point; output stabilized after the intervention and the lot was released after an additional quality check."
AE0118,EQ034,2026-05-08 08:05:00,low,power instability,"AE0118 on EQ034 (Conveyor 034) was traced to a brief voltage sag on the shared distribution panel; the shift lead moved work to a standby asset while engineering checked the operating history; the alarm cleared during verification, with a replacement part scheduled to reduce recurrence risk."
AE0119,EQ023,2024-05-29 19:07:00,critical,barcode sensor dropout,"AE0119 on EQ023 (Checkweigher 023) was traced to electrical noise near the signal cable; the team cleaned the affected assembly, restored the standard setting, and monitored three test cycles; the alarm cleared during verification, with a replacement part scheduled to reduce recurrence risk."
AE0120,EQ008,2024-04-02 20:20:00,low,label vision inspection failure,"AE0120 on EQ008 (Conveyor 008) was traced to a fixture position shift that changed the camera angle; the operator isolated the affected station and maintenance inspected the signal path; the follow-up trial showed no recurrence, although a preventive inspection was added to the next shift."
AE0121,EQ021,2026-09-04 13:57:00,medium,cold-chain temperature drift,"AE0121 on EQ021 (Checkweigher 021) was traced to restricted airflow around the control cabinet; the shift lead moved work to a standby asset while engineering checked the operating history; the follow-up trial showed no recurrence, although a preventive inspection was added to the next shift."
AE0122,EQ035,2024-07-08 16:11:00,critical,barcode sensor dropout,AE0122 on EQ035 (Metal Detector 035) was traced to electrical noise near the signal cable; the shift lead moved work to a standby asset while engineering checked the operating history; the asset remained available at reduced speed and engineering opened a follow-up reliability review.
AE0123,EQ005,2026-07-06 21:41:00,low,packing cycle time deviation,"AE0123 on EQ005 (Filling Machine 005) was traced to operator sequencing differences during a product changeover; the operator isolated the affected station and maintenance inspected the signal path; the follow-up trial showed no recurrence, although a preventive inspection was added to the next shift."
AE0124,EQ025,2024-03-18 15:42:00,low,cold-chain temperature drift,"AE0124 on EQ025 (Filling Machine 025) was traced to restricted airflow around the control cabinet; the technician paused the cycle, verified the physical connections, and recalibrated the control point; output stabilized after the intervention and the lot was released after an additional quality check."
AE0125,EQ032,2026-11-21 08:14:00,medium,label vision inspection failure,"AE0125 on EQ032 (Cartoner 032) was traced to lighting intensity below the validated inspection range; the operator isolated the affected station and maintenance inspected the signal path; the follow-up trial showed no recurrence, although a preventive inspection was added to the next shift."
AE0126,EQ001,2025-05-06 06:31:00,critical,cold-chain temperature drift,"AE0126 on EQ001 (Checkweigher 001) was traced to thermal drift after repeated high-load cycles; the shift lead moved work to a standby asset while engineering checked the operating history; the follow-up trial showed no recurrence, although a preventive inspection was added to the next shift."
AE0127,EQ040,2025-09-14 05:19:00,low,power instability,AE0127 on EQ040 (Palletizer 040) was traced to a brief voltage sag on the shared distribution panel; the shift lead moved work to a standby asset while engineering checked the operating history; the reading returned within the control limit and production resumed under observation.
AE0128,EQ034,2024-08-16 10:41:00,low,label vision inspection failure,AE0128 on EQ034 (Conveyor 034) was traced to lighting intensity below the validated inspection range; the shift lead moved work to a standby asset while engineering checked the operating history; the asset remained available at reduced speed and engineering opened a follow-up reliability review.
AE0129,EQ017,2026-10-11 13:35:00,high,cold-chain temperature drift,"AE0129 on EQ017 (Cartoner 017) was traced to thermal drift after repeated high-load cycles; the technician paused the cycle, verified the physical connections, and recalibrated the control point; the reading returned within the control limit and production resumed under observation."
AE0130,EQ031,2025-04-14 11:18:00,low,conveyor bearing vibration,"AE0130 on EQ031 (Metal Detector 031) was traced to lubricant degradation after an extended duty cycle; the technician paused the cycle, verified the physical connections, and recalibrated the control point; the alarm cleared during verification, with a replacement part scheduled to reduce recurrence risk."
AE0131,EQ029,2025-06-21 18:39:00,low,conveyor bearing vibration,"AE0131 on EQ029 (Label Applicator 029) was traced to misalignment that increased radial load; maintenance reduced the load, replaced the suspect consumable, and ran a controlled trial; the follow-up trial showed no recurrence, although a preventive inspection was added to the next shift."
AE0132,EQ017,2024-02-17 18:13:00,medium,sealing pressure loss,AE0132 on EQ017 (Cartoner 017) was traced to a regulator that responded slowly to load changes; the shift lead moved work to a standby asset while engineering checked the operating history; the asset remained available at reduced speed and engineering opened a follow-up reliability review.
AE0133,EQ005,2025-04-15 15:37:00,medium,label vision inspection failure,"AE0133 on EQ005 (Filling Machine 005) was traced to residue on the inspection lens; the team cleaned the affected assembly, restored the standard setting, and monitored three test cycles; output stabilized after the intervention and the lot was released after an additional quality check."
AE0134,EQ005,2024-02-24 16:06:00,medium,sealing pressure loss,"AE0134 on EQ005 (Filling Machine 005) was traced to seal wear that allowed a gradual pressure leak; the operator isolated the affected station and maintenance inspected the signal path; the alarm cleared during verification, with a replacement part scheduled to reduce recurrence risk."
AE0135,EQ032,2026-06-29 11:12:00,low,label vision inspection failure,"AE0135 on EQ032 (Cartoner 032) was traced to a fixture position shift that changed the camera angle; the technician paused the cycle, verified the physical connections, and recalibrated the control point; output stabilized after the intervention and the lot was released after an additional quality check."
AE0136,EQ007,2026-05-30 12:51:00,low,power instability,"AE0136 on EQ007 (Conveyor 007) was traced to a brief voltage sag on the shared distribution panel; the shift lead moved work to a standby asset while engineering checked the operating history; the alarm cleared during verification, with a replacement part scheduled to reduce recurrence risk."
AE0137,EQ020,2025-11-03 09:31:00,medium,barcode sensor dropout,"AE0137 on EQ020 (Case Packer 020) was traced to electrical noise near the signal cable; the team cleaned the affected assembly, restored the standard setting, and monitored three test cycles; output stabilized after the intervention and the lot was released after an additional quality check."
AE0138,EQ020,2026-07-04 00:42:00,critical,power instability,"AE0138 on EQ020 (Case Packer 020) was traced to load switching from adjacent equipment that disturbed the supply; the operator isolated the affected station and maintenance inspected the signal path; the alarm cleared during verification, with a replacement part scheduled to reduce recurrence risk."
AE0139,EQ020,2025-05-11 16:58:00,medium,power instability,"AE0139 on EQ020 (Case Packer 020) was traced to a brief voltage sag on the shared distribution panel; the technician paused the cycle, verified the physical connections, and recalibrated the control point; the asset remained available at reduced speed and engineering opened a follow-up reliability review."
AE0140,EQ003,2024-05-20 12:14:00,low,power instability,"AE0140 on EQ003 (Conveyor 003) was traced to a loose terminal in the local power cabinet; the shift lead moved work to a standby asset while engineering checked the operating history; the alarm cleared during verification, with a replacement part scheduled to reduce recurrence risk."
AE0141,EQ002,2024-07-15 04:04:00,high,sealing pressure loss,AE0141 on EQ002 (Cartoner 002) was traced to a regulator that responded slowly to load changes; the shift lead moved work to a standby asset while engineering checked the operating history; the asset remained available at reduced speed and engineering opened a follow-up reliability review.
AE0142,EQ018,2025-04-22 00:39:00,low,conveyor bearing vibration,"AE0142 on EQ018 (Label Applicator 018) was traced to lubricant degradation after an extended duty cycle; the team cleaned the affected assembly, restored the standard setting, and monitored three test cycles; the alarm cleared during verification, with a replacement part scheduled to reduce recurrence risk."
AE0143,EQ010,2026-04-10 18:06:00,low,barcode sensor dropout,"AE0143 on EQ010 (Filling Machine 010) was traced to electrical noise near the signal cable; the technician paused the cycle, verified the physical connections, and recalibrated the control point; the alarm cleared during verification, with a replacement part scheduled to reduce recurrence risk."
AE0144,EQ031,2024-08-20 13:45:00,medium,label vision inspection failure,"AE0144 on EQ031 (Metal Detector 031) was traced to a fixture position shift that changed the camera angle; the technician paused the cycle, verified the physical connections, and recalibrated the control point; the alarm cleared during verification, with a replacement part scheduled to reduce recurrence risk."
AE0145,EQ020,2025-01-31 08:26:00,low,power instability,"AE0145 on EQ020 (Case Packer 020) was traced to a brief voltage sag on the shared distribution panel; the shift lead moved work to a standby asset while engineering checked the operating history; the follow-up trial showed no recurrence, although a preventive inspection was added to the next shift."
AE0146,EQ034,2026-11-08 23:55:00,medium,packing cycle time deviation,AE0146 on EQ034 (Conveyor 034) was traced to a controller timing parameter that had drifted from baseline; the operator isolated the affected station and maintenance inspected the signal path; the asset remained available at reduced speed and engineering opened a follow-up reliability review.
AE0147,EQ037,2024-12-31 13:08:00,low,cold-chain temperature drift,"AE0147 on EQ037 (Label Applicator 037) was traced to thermal drift after repeated high-load cycles; the technician paused the cycle, verified the physical connections, and recalibrated the control point; the alarm cleared during verification, with a replacement part scheduled to reduce recurrence risk."
AE0148,EQ032,2024-12-18 06:39:00,medium,sealing pressure loss,"AE0148 on EQ032 (Cartoner 032) was traced to a loosened fitting in the pneumatic circuit; the operator isolated the affected station and maintenance inspected the signal path; the follow-up trial showed no recurrence, although a preventive inspection was added to the next shift."
AE0149,EQ022,2025-01-07 03:36:00,critical,barcode sensor dropout,"AE0149 on EQ022 (Cartoner 022) was traced to electrical noise near the signal cable; maintenance reduced the load, replaced the suspect consumable, and ran a controlled trial; output stabilized after the intervention and the lot was released after an additional quality check."
AE0150,EQ009,2025-10-01 01:32:00,low,cold-chain temperature drift,"AE0150 on EQ009 (Filling Machine 009) was traced to thermal drift after repeated high-load cycles; the operator isolated the affected station and maintenance inspected the signal path; the follow-up trial showed no recurrence, although a preventive inspection was added to the next shift."
AE0151,EQ040,2025-06-12 01:08:00,medium,packing cycle time deviation,"AE0151 on EQ040 (Palletizer 040) was traced to material feeding friction that lengthened the transfer step; the technician paused the cycle, verified the physical connections, and recalibrated the control point; output stabilized after the intervention and the lot was released after an additional quality check."
AE0152,EQ005,2024-02-15 15:37:00,medium,conveyor bearing vibration,"AE0152 on EQ005 (Filling Machine 005) was traced to misalignment that increased radial load; the operator isolated the affected station and maintenance inspected the signal path; the alarm cleared during verification, with a replacement part scheduled to reduce recurrence risk."
AE0153,EQ012,2024-06-08 13:01:00,medium,packing cycle time deviation,"AE0153 on EQ012 (Checkweigher 012) was traced to operator sequencing differences during a product changeover; the shift lead moved work to a standby asset while engineering checked the operating history; the follow-up trial showed no recurrence, although a preventive inspection was added to the next shift."
AE0154,EQ030,2024-04-10 03:17:00,low,conveyor bearing vibration,"AE0154 on EQ030 (Cartoner 030) was traced to lubricant degradation after an extended duty cycle; maintenance reduced the load, replaced the suspect consumable, and ran a controlled trial; the alarm cleared during verification, with a replacement part scheduled to reduce recurrence risk."
AE0155,EQ024,2025-10-29 17:55:00,medium,label vision inspection failure,AE0155 on EQ024 (Label Applicator 024) was traced to lighting intensity below the validated inspection range; the shift lead moved work to a standby asset while engineering checked the operating history; output stabilized after the intervention and the lot was released after an additional quality check.
AE0156,EQ038,2025-06-08 02:09:00,low,cold-chain temperature drift,"AE0156 on EQ038 (Filling Machine 038) was traced to thermal drift after repeated high-load cycles; the technician paused the cycle, verified the physical connections, and recalibrated the control point; output stabilized after the intervention and the lot was released after an additional quality check."
AE0157,EQ011,2025-02-13 19:45:00,high,label vision inspection failure,AE0157 on EQ011 (Metal Detector 011) was traced to residue on the inspection lens; the operator isolated the affected station and maintenance inspected the signal path; output stabilized after the intervention and the lot was released after an additional quality check.
AE0158,EQ020,2025-05-05 17:23:00,low,cold-chain temperature drift,AE0158 on EQ020 (Case Packer 020) was traced to a cooling fan operating below its rated speed; the shift lead moved work to a standby asset while engineering checked the operating history; the reading returned within the control limit and production resumed under observation.
AE0159,EQ019,2024-12-01 04:23:00,critical,power instability,AE0159 on EQ019 (Filling Machine 019) was traced to load switching from adjacent equipment that disturbed the supply; the shift lead moved work to a standby asset while engineering checked the operating history; the reading returned within the control limit and production resumed under observation.
AE0160,EQ008,2025-07-14 08:37:00,low,power instability,AE0160 on EQ008 (Conveyor 008) was traced to a brief voltage sag on the shared distribution panel; the operator isolated the affected station and maintenance inspected the signal path; the reading returned within the control limit and production resumed under observation.
AE0161,EQ024,2024-04-03 03:28:00,medium,barcode sensor dropout,"AE0161 on EQ024 (Label Applicator 024) was traced to electrical noise near the signal cable; the technician paused the cycle, verified the physical connections, and recalibrated the control point; the asset remained available at reduced speed and engineering opened a follow-up reliability review."
AE0162,EQ019,2026-07-10 08:09:00,medium,sealing pressure loss,"AE0162 on EQ019 (Filling Machine 019) was traced to a regulator that responded slowly to load changes; the technician paused the cycle, verified the physical connections, and recalibrated the control point; the asset remained available at reduced speed and engineering opened a follow-up reliability review."
AE0163,EQ014,2026-02-01 08:30:00,medium,label vision inspection failure,"AE0163 on EQ014 (Conveyor 014) was traced to residue on the inspection lens; maintenance reduced the load, replaced the suspect consumable, and ran a controlled trial; the alarm cleared during verification, with a replacement part scheduled to reduce recurrence risk."
AE0164,EQ013,2026-11-29 06:20:00,medium,label vision inspection failure,AE0164 on EQ013 (Case Packer 013) was traced to lighting intensity below the validated inspection range; the shift lead moved work to a standby asset while engineering checked the operating history; output stabilized after the intervention and the lot was released after an additional quality check.
AE0165,EQ039,2025-07-23 07:56:00,low,cold-chain temperature drift,"AE0165 on EQ039 (Filling Machine 039) was traced to thermal drift after repeated high-load cycles; the technician paused the cycle, verified the physical connections, and recalibrated the control point; output stabilized after the intervention and the lot was released after an additional quality check."
AE0166,EQ015,2025-02-24 05:26:00,medium,sealing pressure loss,"AE0166 on EQ015 (Filling Machine 015) was traced to a loosened fitting in the pneumatic circuit; the operator isolated the affected station and maintenance inspected the signal path; the alarm cleared during verification, with a replacement part scheduled to reduce recurrence risk."
AE0167,EQ009,2025-03-14 16:57:00,medium,conveyor bearing vibration,"AE0167 on EQ009 (Filling Machine 009) was traced to misalignment that increased radial load; the technician paused the cycle, verified the physical connections, and recalibrated the control point; the asset remained available at reduced speed and engineering opened a follow-up reliability review."
AE0168,EQ020,2024-04-28 12:21:00,medium,cold-chain temperature drift,"AE0168 on EQ020 (Case Packer 020) was traced to thermal drift after repeated high-load cycles; the team cleaned the affected assembly, restored the standard setting, and monitored three test cycles; the follow-up trial showed no recurrence, although a preventive inspection was added to the next shift."
AE0169,EQ005,2024-02-11 05:11:00,low,power instability,"AE0169 on EQ005 (Filling Machine 005) was traced to a brief voltage sag on the shared distribution panel; the team cleaned the affected assembly, restored the standard setting, and monitored three test cycles; the follow-up trial showed no recurrence, although a preventive inspection was added to the next shift."
AE0170,EQ016,2026-04-26 02:10:00,low,label vision inspection failure,AE0170 on EQ016 (Checkweigher 016) was traced to lighting intensity below the validated inspection range; the operator isolated the affected station and maintenance inspected the signal path; the reading returned within the control limit and production resumed under observation.
AE0171,EQ002,2024-09-18 23:45:00,medium,power instability,"AE0171 on EQ002 (Cartoner 002) was traced to load switching from adjacent equipment that disturbed the supply; maintenance reduced the load, replaced the suspect consumable, and ran a controlled trial; output stabilized after the intervention and the lot was released after an additional quality check."
AE0172,EQ022,2026-07-16 06:34:00,medium,packing cycle time deviation,"AE0172 on EQ022 (Cartoner 022) was traced to material feeding friction that lengthened the transfer step; the team cleaned the affected assembly, restored the standard setting, and monitored three test cycles; the alarm cleared during verification, with a replacement part scheduled to reduce recurrence risk."
AE0173,EQ022,2026-09-24 06:31:00,critical,label vision inspection failure,AE0173 on EQ022 (Cartoner 022) was traced to lighting intensity below the validated inspection range; the shift lead moved work to a standby asset while engineering checked the operating history; the asset remained available at reduced speed and engineering opened a follow-up reliability review.
AE0174,EQ033,2026-01-04 21:36:00,high,conveyor bearing vibration,"AE0174 on EQ033 (Checkweigher 033) was traced to wear in the drive-side bearing race; the team cleaned the affected assembly, restored the standard setting, and monitored three test cycles; the asset remained available at reduced speed and engineering opened a follow-up reliability review."
AE0175,EQ012,2024-11-19 16:23:00,critical,power instability,"AE0175 on EQ012 (Checkweigher 012) was traced to a brief voltage sag on the shared distribution panel; the technician paused the cycle, verified the physical connections, and recalibrated the control point; the reading returned within the control limit and production resumed under observation."
AE0176,EQ004,2025-01-20 00:45:00,low,barcode sensor dropout,"AE0176 on EQ004 (Filling Machine 004) was traced to electrical noise near the signal cable; maintenance reduced the load, replaced the suspect consumable, and ran a controlled trial; the asset remained available at reduced speed and engineering opened a follow-up reliability review."
AE0177,EQ038,2024-11-06 23:29:00,low,conveyor bearing vibration,"AE0177 on EQ038 (Filling Machine 038) was traced to wear in the drive-side bearing race; maintenance reduced the load, replaced the suspect consumable, and ran a controlled trial; the reading returned within the control limit and production resumed under observation."
AE0178,EQ030,2024-05-06 23:02:00,medium,conveyor bearing vibration,AE0178 on EQ030 (Cartoner 030) was traced to lubricant degradation after an extended duty cycle; the shift lead moved work to a standby asset while engineering checked the operating history; the asset remained available at reduced speed and engineering opened a follow-up reliability review.
AE0179,EQ031,2025-09-07 19:03:00,medium,cold-chain temperature drift,"AE0179 on EQ031 (Metal Detector 031) was traced to a cooling fan operating below its rated speed; the technician paused the cycle, verified the physical connections, and recalibrated the control point; the follow-up trial showed no recurrence, although a preventive inspection was added to the next shift."
AE0180,EQ006,2026-12-28 21:03:00,low,conveyor bearing vibration,"AE0180 on EQ006 (Cartoner 006) was traced to wear in the drive-side bearing race; the technician paused the cycle, verified the physical connections, and recalibrated the control point; output stabilized after the intervention and the lot was released after an additional quality check."
AE0181,EQ025,2025-07-27 01:58:00,low,packing cycle time deviation,"AE0181 on EQ025 (Filling Machine 025) was traced to material feeding friction that lengthened the transfer step; the team cleaned the affected assembly, restored the standard setting, and monitored three test cycles; the reading returned within the control limit and production resumed under observation."
AE0182,EQ023,2025-01-27 23:01:00,low,label vision inspection failure,"AE0182 on EQ023 (Checkweigher 023) was traced to lighting intensity below the validated inspection range; the shift lead moved work to a standby asset while engineering checked the operating history; the alarm cleared during verification, with a replacement part scheduled to reduce recurrence risk."
AE0183,EQ004,2025-12-30 14:52:00,medium,conveyor bearing vibration,"AE0183 on EQ004 (Filling Machine 004) was traced to wear in the drive-side bearing race; the team cleaned the affected assembly, restored the standard setting, and monitored three test cycles; output stabilized after the intervention and the lot was released after an additional quality check."
AE0184,EQ011,2026-06-22 08:01:00,medium,packing cycle time deviation,"AE0184 on EQ011 (Metal Detector 011) was traced to material feeding friction that lengthened the transfer step; maintenance reduced the load, replaced the suspect consumable, and ran a controlled trial; output stabilized after the intervention and the lot was released after an additional quality check."
AE0185,EQ004,2026-02-06 09:49:00,low,power instability,"AE0185 on EQ004 (Filling Machine 004) was traced to a loose terminal in the local power cabinet; maintenance reduced the load, replaced the suspect consumable, and ran a controlled trial; the asset remained available at reduced speed and engineering opened a follow-up reliability review."
AE0186,EQ028,2026-06-30 20:08:00,low,cold-chain temperature drift,"AE0186 on EQ028 (Cartoner 028) was traced to thermal drift after repeated high-load cycles; the team cleaned the affected assembly, restored the standard setting, and monitored three test cycles; the alarm cleared during verification, with a replacement part scheduled to reduce recurrence risk."
AE0187,EQ022,2026-11-26 22:26:00,medium,cold-chain temperature drift,AE0187 on EQ022 (Cartoner 022) was traced to restricted airflow around the control cabinet; the operator isolated the affected station and maintenance inspected the signal path; the asset remained available at reduced speed and engineering opened a follow-up reliability review.
AE0188,EQ037,2024-09-14 15:36:00,medium,barcode sensor dropout,"AE0188 on EQ037 (Label Applicator 037) was traced to electrical noise near the signal cable; the operator isolated the affected station and maintenance inspected the signal path; the alarm cleared during verification, with a replacement part scheduled to reduce recurrence risk."
AE0189,EQ013,2024-11-23 23:18:00,medium,label vision inspection failure,AE0189 on EQ013 (Case Packer 013) was traced to a fixture position shift that changed the camera angle; the operator isolated the affected station and maintenance inspected the signal path; the asset remained available at reduced speed and engineering opened a follow-up reliability review.
AE0190,EQ005,2024-09-20 08:10:00,critical,packing cycle time deviation,"AE0190 on EQ005 (Filling Machine 005) was traced to material feeding friction that lengthened the transfer step; the team cleaned the affected assembly, restored the standard setting, and monitored three test cycles; the reading returned within the control limit and production resumed under observation."
AE0191,EQ020,2025-11-14 12:53:00,medium,conveyor bearing vibration,AE0191 on EQ020 (Case Packer 020) was traced to misalignment that increased radial load; the shift lead moved work to a standby asset while engineering checked the operating history; output stabilized after the intervention and the lot was released after an additional quality check.
AE0192,EQ025,2026-12-18 08:33:00,medium,conveyor bearing vibration,"AE0192 on EQ025 (Filling Machine 025) was traced to wear in the drive-side bearing race; the team cleaned the affected assembly, restored the standard setting, and monitored three test cycles; output stabilized after the intervention and the lot was released after an additional quality check."
AE0193,EQ019,2025-03-17 01:10:00,high,packing cycle time deviation,"AE0193 on EQ019 (Filling Machine 019) was traced to material feeding friction that lengthened the transfer step; maintenance reduced the load, replaced the suspect consumable, and ran a controlled trial; the alarm cleared during verification, with a replacement part scheduled to reduce recurrence risk."
AE0194,EQ029,2024-03-05 04:58:00,high,label vision inspection failure,"AE0194 on EQ029 (Label Applicator 029) was traced to lighting intensity below the validated inspection range; the technician paused the cycle, verified the physical connections, and recalibrated the control point; the reading returned within the control limit and production resumed under observation."
AE0195,EQ008,2025-07-05 21:50:00,medium,cold-chain temperature drift,"AE0195 on EQ008 (Conveyor 008) was traced to thermal drift after repeated high-load cycles; the team cleaned the affected assembly, restored the standard setting, and monitored three test cycles; the alarm cleared during verification, with a replacement part scheduled to reduce recurrence risk."
AE0196,EQ026,2025-10-06 07:44:00,low,label vision inspection failure,AE0196 on EQ026 (Cartoner 026) was traced to residue on the inspection lens; the shift lead moved work to a standby asset while engineering checked the operating history; the asset remained available at reduced speed and engineering opened a follow-up reliability review.
AE0197,EQ012,2026-11-15 05:43:00,high,packing cycle time deviation,"AE0197 on EQ012 (Checkweigher 012) was traced to a controller timing parameter that had drifted from baseline; the technician paused the cycle, verified the physical connections, and recalibrated the control point; the asset remained available at reduced speed and engineering opened a follow-up reliability review."
AE0198,EQ008,2025-11-11 20:10:00,medium,barcode sensor dropout,"AE0198 on EQ008 (Conveyor 008) was traced to a contaminated sensing surface that weakened the signal; the technician paused the cycle, verified the physical connections, and recalibrated the control point; the follow-up trial showed no recurrence, although a preventive inspection was added to the next shift."
AE0199,EQ028,2025-08-26 08:28:00,high,power instability,"AE0199 on EQ028 (Cartoner 028) was traced to a brief voltage sag on the shared distribution panel; maintenance reduced the load, replaced the suspect consumable, and ran a controlled trial; output stabilized after the intervention and the lot was released after an additional quality check."
AE0200,EQ004,2026-09-30 19:42:00,low,packing cycle time deviation,"AE0200 on EQ004 (Filling Machine 004) was traced to a controller timing parameter that had drifted from baseline; the technician paused the cycle, verified the physical connections, and recalibrated the control point; output stabilized after the intervention and the lot was released after an additional quality check."
AE0201,EQ010,2026-01-09 13:45:00,low,cold-chain temperature drift,"AE0201 on EQ010 (Filling Machine 010) was traced to thermal drift after repeated high-load cycles; maintenance reduced the load, replaced the suspect consumable, and ran a controlled trial; the alarm cleared during verification, with a replacement part scheduled to reduce recurrence risk."
AE0202,EQ006,2024-12-17 07:35:00,low,conveyor bearing vibration,"AE0202 on EQ006 (Cartoner 006) was traced to lubricant degradation after an extended duty cycle; the technician paused the cycle, verified the physical connections, and recalibrated the control point; output stabilized after the intervention and the lot was released after an additional quality check."
AE0203,EQ003,2024-03-19 06:40:00,high,label vision inspection failure,"AE0203 on EQ003 (Conveyor 003) was traced to lighting intensity below the validated inspection range; maintenance reduced the load, replaced the suspect consumable, and ran a controlled trial; the alarm cleared during verification, with a replacement part scheduled to reduce recurrence risk."
AE0204,EQ038,2026-01-29 21:57:00,high,cold-chain temperature drift,"AE0204 on EQ038 (Filling Machine 038) was traced to thermal drift after repeated high-load cycles; the operator isolated the affected station and maintenance inspected the signal path; the follow-up trial showed no recurrence, although a preventive inspection was added to the next shift."
AE0205,EQ020,2024-09-17 06:52:00,medium,conveyor bearing vibration,"AE0205 on EQ020 (Case Packer 020) was traced to lubricant degradation after an extended duty cycle; the team cleaned the affected assembly, restored the standard setting, and monitored three test cycles; the alarm cleared during verification, with a replacement part scheduled to reduce recurrence risk."
AE0206,EQ014,2024-01-05 00:31:00,high,label vision inspection failure,"AE0206 on EQ014 (Conveyor 014) was traced to lighting intensity below the validated inspection range; the operator isolated the affected station and maintenance inspected the signal path; the follow-up trial showed no recurrence, although a preventive inspection was added to the next shift."
AE0207,EQ031,2024-09-22 19:05:00,low,cold-chain temperature drift,"AE0207 on EQ031 (Metal Detector 031) was traced to thermal drift after repeated high-load cycles; the shift lead moved work to a standby asset while engineering checked the operating history; the alarm cleared during verification, with a replacement part scheduled to reduce recurrence risk."
AE0208,EQ001,2026-05-24 05:33:00,high,label vision inspection failure,"AE0208 on EQ001 (Checkweigher 001) was traced to residue on the inspection lens; maintenance reduced the load, replaced the suspect consumable, and ran a controlled trial; output stabilized after the intervention and the lot was released after an additional quality check."
AE0209,EQ007,2024-02-23 13:41:00,medium,barcode sensor dropout,"AE0209 on EQ007 (Conveyor 007) was traced to electrical noise near the signal cable; the team cleaned the affected assembly, restored the standard setting, and monitored three test cycles; the asset remained available at reduced speed and engineering opened a follow-up reliability review."
AE0210,EQ036,2026-05-29 10:35:00,low,cold-chain temperature drift,"AE0210 on EQ036 (Cartoner 036) was traced to thermal drift after repeated high-load cycles; maintenance reduced the load, replaced the suspect consumable, and ran a controlled trial; the follow-up trial showed no recurrence, although a preventive inspection was added to the next shift."
AE0211,EQ033,2024-12-24 16:24:00,low,conveyor bearing vibration,"AE0211 on EQ033 (Checkweigher 033) was traced to lubricant degradation after an extended duty cycle; the technician paused the cycle, verified the physical connections, and recalibrated the control point; the follow-up trial showed no recurrence, although a preventive inspection was added to the next shift."
AE0212,EQ002,2024-08-31 04:57:00,high,conveyor bearing vibration,"AE0212 on EQ002 (Cartoner 002) was traced to misalignment that increased radial load; maintenance reduced the load, replaced the suspect consumable, and ran a controlled trial; the alarm cleared during verification, with a replacement part scheduled to reduce recurrence risk."
