"document_id","title","document_date","source","text"
"DOC00086","Escalation root-cause note TKT000257","2025-06-26","crm_case","Escalation note for Family Household 228 (C228). A follow-up checkpoint was scheduled to verify the fix held over the following cycles. TKT000257 was escalated; reliability tied it to anomaly AE0075."
"DOC00047","Customer case note TKT000236","2025-10-02","crm_case","Case note for Single Household 037 (C037). The note was retained for audit and supplier-review purposes. The account team logged the interaction for continuity on the next review. TKT000236 was resolved by dispatching a replacement procured under PO000043."
"DOC00186","Purchase order PO000320 status","2025-12-13","erp_note","PO000320 was issued to Everyday Consumer Goods 26 (SUP026) on 2026-12-23 with expected date 2027-01-23; status received. The note was retained for audit and supplier-review purposes."
"DOC00190","Contract CTR00051 review","2024-03-03","crm_case","CTR00051 covers Community Organization 152 (C152) from 2026-05-25 through 2028-05-24 at the basic service level, renewal auto. No change to the standard operating procedure was requested at this time."
"DOC00174","Purchase order PO000100 status","2024-01-14","erp_note","PO000100 was issued to Freshway Consumer Goods 21 (SUP021) on 2025-11-25 with expected date 2025-12-04; status received. No change to the standard operating procedure was requested at this time."
"DOC00126","Service ticket TKT000443 note","2025-03-14","crm_case","TKT000443 for Senior Household 138 (C138) concerns Missing item or component on PRD015; recorded as P2 in the return_refund category with status resolved. Operators returned the asset to service under close observation."
"DOC00042","Procurement expedite note PO000087","2026-09-13","procurement_note","Procurement note for Everyday Consumer Goods 03 (SUP003). PO000087 was raised on a rush basis specifically to remedy AE0158. The note was retained for audit and supplier-review purposes. The shift supervisor confirmed the corrective steps were completed within the same window."
"DOC00182","Purchase order PO000381 status","2024-01-11","erp_note","PO000381 was issued to Freshway Consumer Goods 07 (SUP007) on 2024-08-04 with expected date 2024-08-30; status open. The account team logged the interaction for continuity on the next review."
"DOC00158","Anomaly AE0198 note","2026-08-28","maintenance_log","AE0198 on EQ008 (Conveyor 008) was recorded as a medium barcode sensor dropout event. The technician verified the condition and returned the asset to service. The account team logged the interaction for continuity on the next review."
"DOC00172","Service ticket TKT000374 note","2024-11-04","crm_case","TKT000374 for Small Business 009 (C009) concerns Item quality below expectation on PRD020; recorded as P3 in the return_refund category with status resolved. Operators returned the asset to service under close observation."
"DOC00013","Maintenance & MRO note DT0017","2025-11-15","maintenance_log","MRO follow-up for Tomato Pasta Sauce 680g (PRD003). The note was retained for audit and supplier-review purposes. An unplanned buy, PO000392, was opened specifically to supply the part that DT0017 required on Tomato Pasta Sauce 680g."
"DOC00104","Anomaly AE0109 note","2026-04-25","maintenance_log","AE0109 on EQ009 (Filling Machine 009) was recorded as a high barcode sensor dropout event. The technician verified the condition and returned the asset to service. Operators returned the asset to service under close observation."
"DOC00017","Outage impact note DT0101","2026-03-22","ops_incident_note","Incident review for Filling Machine 010. No change to the standard operating procedure was requested at this time. The shift supervisor confirmed the corrective steps were completed within the same window. Because DT0101 kept Filling Machine 010 down, the volume promised under CTR00044 could not be fulfilled on schedule."
"DOC00160","Service ticket TKT000407 note","2026-03-25","crm_case","TKT000407 for Community Organization 070 (C070) concerns Package arrived damaged on PRD002; recorded as P3 in the missing_item category with status resolved. The account team logged the interaction for continuity on the next review."
"DOC00124","Service ticket TKT000074 note","2025-06-03","crm_case","TKT000074 for Senior Household 066 (C066) concerns Missing item or component on PRD013; recorded as P2 in the missing_item category with status resolved. No change to the standard operating procedure was requested at this time."
"DOC00031","Procurement expedite note PO000680","2026-09-03","procurement_note","Procurement note for ValueMart Consumer Goods 04 (SUP004). The shift supervisor confirmed the corrective steps were completed within the same window. Procurement expedited PO000680 to obtain the part needed after anomaly AE0034 was flagged on Case Packer 013."
"DOC00033","Procurement expedite note PO000240","2026-07-05","procurement_note","Procurement note for Freshway Consumer Goods 21 (SUP021). Procurement expedited PO000240 to obtain the part needed after anomaly AE0118 was flagged on Conveyor 034. Operators returned the asset to service under close observation. A follow-up checkpoint was scheduled to verify the fix held over the following cycles."
"DOC00027","Outage impact note DT0175","2025-04-03","ops_incident_note","Incident review for Checkweigher 012. The account team logged the interaction for continuity on the next review. The note was retained for audit and supplier-review purposes. Operations flagged that DT0175 caused Checkweigher 012 to miss the dispatch tied to contract CTR00138."
"DOC00145","Service ticket TKT000473 note","2024-05-09","crm_case","TKT000473 for Small Business 229 (C229) concerns Ingredient or product information request on PRD018; recorded as P2 in the product_information category with status resolved. The shift supervisor confirmed the corrective steps were completed within the same window."
"DOC00010","Maintenance & MRO note DT0197","2026-09-20","maintenance_log","MRO follow-up for Drawstring Trash Bags 30ct (PRD011). Quality reported no secondary defects during the verification run. A follow-up checkpoint was scheduled to verify the fix held over the following cycles. The replacement part needed to clear DT0197 was procured under PO000130; this MRO buy sits outside the normal order-line master."
"DOC00028","Outage impact note DT0055","2024-04-22","ops_incident_note","Incident review for Conveyor 014. The account team logged the interaction for continuity on the next review. Because DT0055 kept Conveyor 014 down, the volume promised under CTR00004 could not be fulfilled on schedule."
"DOC00162","Service ticket TKT000272 note","2026-04-07","crm_case","TKT000272 for Family Household 095 (C095) concerns Missing item or component on PRD006; recorded as P3 in the product_information category with status resolved. The note was retained for audit and supplier-review purposes."
"DOC00071","Account contract memo CTR00161","2024-09-17","account_contract_note","Account memo for Small Business 041 (C041). The account team logged the interaction for continuity on the next review. The volume commitment in CTR00161 applies specifically to Frozen Mixed Vegetables 1kg (PRD009)."
"DOC00110","Purchase order PO000160 status","2025-12-25","erp_note","PO000160 was issued to Northstar Consumer Goods 11 (SUP011) on 2024-02-25 with expected date 2024-02-29; status open. A follow-up checkpoint was scheduled to verify the fix held over the following cycles."
"DOC00089","Escalation root-cause note TKT000413","2025-05-07","crm_case","Escalation note for Small Business 232 (C232). Complaint TKT000413 was escalated to engineering, which traced it to anomaly AE0151 on Palletizer 040. Operators returned the asset to service under close observation. The shift supervisor confirmed the corrective steps were completed within the same window."
"DOC00157","Contract CTR00009 review","2024-10-20","crm_case","CTR00009 covers Single Household 030 (C030) from 2024-02-27 through 2026-02-26 at the business service level, renewal manual. Reliability engineering filed the record for the next preventive-maintenance review."
"DOC00030","Outage impact note DT0200","2025-03-18","ops_incident_note","Incident review for Filling Machine 004. A missed-commitment note links DT0200 to CTR00082: the outage on Filling Machine 004 delayed the contracted lot. The note was retained for audit and supplier-review purposes."
"DOC00133","Service ticket TKT000395 note","2025-09-05","crm_case","TKT000395 for Small Business 041 (C041) concerns Wrong item received on PRD004; recorded as P1 in the billing category with status resolved. Quality reported no secondary defects during the verification run."
"DOC00097","Contract CTR00153 review","2026-08-23","crm_case","CTR00153 covers Family Household 163 (C163) from 2025-09-12 through 2028-09-11 at the business service level, renewal non_renewing. Quality reported no secondary defects during the verification run."
"DOC00112","Purchase order PO000209 status","2024-02-07","erp_note","PO000209 was issued to Everyday Consumer Goods 32 (SUP032) on 2024-11-15 with expected date 2024-11-21; status open. Quality reported no secondary defects during the verification run."
"DOC00092","Supplier quality note PO000386","2024-07-15","quality_review","Supplier quality note for Harvest Consumer Goods 39 (SUP039). Quality traced anomaly AE0059 on Label Applicator 037 back to substandard components supplied on PO000386. The account team logged the interaction for continuity on the next review. Reliability engineering filed the record for the next preventive-maintenance review."
"DOC00127","Anomaly AE0152 note","2026-08-04","maintenance_log","AE0152 on EQ005 (Filling Machine 005) was recorded as a medium conveyor bearing vibration event. The technician verified the condition and returned the asset to service. A follow-up checkpoint was scheduled to verify the fix held over the following cycles."
"DOC00084","Escalation root-cause note TKT000389","2025-10-24","crm_case","Escalation note for Single Household 052 (C052). Engineering linked TKT000389 to the fault AE0161 recorded during the same period. Reliability engineering filed the record for the next preventive-maintenance review. A follow-up checkpoint was scheduled to verify the fix held over the following cycles."
"DOC00120","Purchase order PO000240 status","2026-12-23","erp_note","PO000240 was issued to Freshway Consumer Goods 21 (SUP021) on 2025-04-20 with expected date 2025-04-29; status received. The account team logged the interaction for continuity on the next review."
"DOC00029","Outage impact note DT005","2024-12-03","ops_incident_note","Incident review for Conveyor 003. Because DT005 kept Conveyor 003 down, the volume promised under CTR00112 could not be fulfilled on schedule. Quality reported no secondary defects during the verification run."
"DOC00014","Maintenance & MRO note DT0165","2025-06-02","maintenance_log","MRO follow-up for Facial Tissue 3-Pack (PRD013). The shift supervisor confirmed the corrective steps were completed within the same window. Field notes for DT0165 record that the corrective part was ordered under PO000419 as a one-off procurement."
"DOC00093","Supply disruption note DT0200","2026-04-19","ops_incident_note","Supply-disruption note for Colored Pencil Set 24ct (PRD004). Downtime DT0200 was attributed to the late delivery of PO000533, which starved the line of parts. The account team logged the interaction for continuity on the next review. No change to the standard operating procedure was requested at this time."
"DOC00168","Contract CTR00153 review","2025-11-12","crm_case","CTR00153 covers Family Household 163 (C163) from 2025-09-12 through 2028-09-11 at the business service level, renewal non_renewing. Quality reported no secondary defects during the verification run."
"DOC00025","Outage impact note DT0167","2026-07-23","ops_incident_note","Incident review for Filling Machine 009. A follow-up checkpoint was scheduled to verify the fix held over the following cycles. Operations flagged that DT0167 caused Filling Machine 009 to miss the dispatch tied to contract CTR00078. The note was retained for audit and supplier-review purposes."
"DOC00063","Account contract memo CTR00059","2025-04-05","account_contract_note","Account memo for Community Organization 142 (C142). The account team logged the interaction for continuity on the next review. CTR00059 locks in a set quantity of Kids Building Blocks 120pc (PRD017); that SKU is the sole product covered by the agreement."
"DOC00023","Outage impact note DT0165","2025-09-24","ops_incident_note","Incident review for Filling Machine 039. The account team logged the interaction for continuity on the next review. Because DT0165 kept Filling Machine 039 down, the volume promised under CTR00108 could not be fulfilled on schedule. Quality reported no secondary defects during the verification run."
"DOC00009","Maintenance & MRO note DT0154","2024-04-01","maintenance_log","MRO follow-up for Cotton Bath Towels 2-Pack (PRD016). Because DT0154 took Cartoner 030 offline, maintenance sourced the substitute part through purchase order PO000477 rather than from standard stock. The account team logged the interaction for continuity on the next review. Reliability engineering filed the record for the next preventive-maintenance review."
"DOC00122","Service ticket TKT000433 note","2024-12-14","crm_case","TKT000433 for Senior Household 167 (C167) concerns Refund status question on PRD012; recorded as P4 in the product_information category with status escalated. The shift supervisor confirmed the corrective steps were completed within the same window."
"DOC00191","Service ticket TKT000019 note","2026-09-06","crm_case","TKT000019 for Community Organization 183 (C183) concerns Ingredient or product information request on PRD011; recorded as P4 in the delivery category with status resolved. The note was retained for audit and supplier-review purposes."
"DOC00113","Purchase order PO000560 status","2024-11-27","erp_note","PO000560 was issued to Everyday Consumer Goods 22 (SUP022) on 2025-08-24 with expected date 2025-09-29; status received. No change to the standard operating procedure was requested at this time."
"DOC00051","Customer case note TKT000003","2026-10-18","crm_case","Case note for Family Household 016 (C016). Because no local inventory covered TKT000003, the swap unit was ordered on PO000193. The note was retained for audit and supplier-review purposes."
"DOC00032","Procurement expedite note PO000362","2024-05-16","procurement_note","Procurement note for Everyday Consumer Goods 38 (SUP038). The note was retained for audit and supplier-review purposes. The buyer opened PO000362 against Everyday Consumer Goods 38 to correct the fault recorded as AE0086."
"DOC00035","Procurement expedite note PO000521","2024-11-16","procurement_note","Procurement note for Harvest Consumer Goods 28 (SUP028). No change to the standard operating procedure was requested at this time. Notes tie PO000521 to AE0131: the order covered the replacement that the anomaly required. A follow-up checkpoint was scheduled to verify the fix held over the following cycles."
"DOC00102","Service ticket TKT000046 note","2024-04-22","crm_case","TKT000046 for Small Business 143 (C143) concerns Refund status question on PRD020; recorded as P3 in the billing category with status open. No change to the standard operating procedure was requested at this time."
"DOC00109","Anomaly AE0154 note","2024-08-02","maintenance_log","AE0154 on EQ030 (Cartoner 030) was recorded as a low conveyor bearing vibration event. The technician verified the condition and returned the asset to service. The account team logged the interaction for continuity on the next review."
"DOC00169","Anomaly AE0186 note","2024-01-11","maintenance_log","AE0186 on EQ028 (Cartoner 028) was recorded as a low cold-chain temperature drift event. The technician verified the condition and returned the asset to service. No change to the standard operating procedure was requested at this time."
"DOC00142","Contract CTR00145 review","2025-10-24","crm_case","CTR00145 covers Senior Household 035 (C035) from 2026-07-30 through 2027-07-30 at the business service level, renewal auto. Quality reported no secondary defects during the verification run."
"DOC00078","Escalation root-cause note TKT000288","2026-04-28","crm_case","Escalation note for Student Household 015 (C015). Complaint TKT000288 was escalated to engineering, which traced it to anomaly AE0047 on Conveyor 008. The shift supervisor confirmed the corrective steps were completed within the same window."
"DOC00039","Procurement expedite note PO000153","2025-03-16","procurement_note","Procurement note for HomeChoice Consumer Goods 29 (SUP029). The account team logged the interaction for continuity on the next review. The buyer opened PO000153 against HomeChoice Consumer Goods 29 to correct the fault recorded as AE0211."
"DOC00180","Contract CTR00031 review","2025-03-18","crm_case","CTR00031 covers Community Organization 184 (C184) from 2025-06-11 through 2028-06-10 at the business service level, renewal non_renewing. The shift supervisor confirmed the corrective steps were completed within the same window."
"DOC00079","Escalation root-cause note TKT000398","2025-01-16","crm_case","Escalation note for Senior Household 098 (C098). No change to the standard operating procedure was requested at this time. Quality reported no secondary defects during the verification run. TKT000398 was escalated; reliability tied it to anomaly AE0207."
"DOC00188","Service ticket TKT000172 note","2024-08-22","crm_case","TKT000172 for Family Household 051 (C051) concerns Package arrived damaged on PRD018; recorded as P3 in the missing_item category with status resolved. No change to the standard operating procedure was requested at this time."
"DOC00020","Outage impact note DT0204","2026-12-12","ops_incident_note","Incident review for Filling Machine 038. Because DT0204 kept Filling Machine 038 down, the volume promised under CTR00151 could not be fulfilled on schedule. Operators returned the asset to service under close observation."
"DOC00077","Escalation root-cause note TKT000380","2024-07-26","crm_case","Escalation note for Community Organization 119 (C119). Engineering linked TKT000380 to the fault AE0135 recorded during the same period. The account team logged the interaction for continuity on the next review. No change to the standard operating procedure was requested at this time."
"DOC00156","Service ticket TKT000089 note","2026-06-24","crm_case","TKT000089 for Family Household 165 (C165) concerns Refund status question on PRD014; recorded as P4 in the missing_item category with status waiting_customer. A follow-up checkpoint was scheduled to verify the fix held over the following cycles."
"DOC00179","Purchase order PO000567 status","2024-07-16","erp_note","PO000567 was issued to Everyday Consumer Goods 37 (SUP037) on 2024-01-22 with expected date 2024-02-29; status received. The shift supervisor confirmed the corrective steps were completed within the same window."
"DOC00185","Service ticket TKT000051 note","2026-01-03","crm_case","TKT000051 for Senior Household 035 (C035) concerns Package arrived damaged on PRD017; recorded as P3 in the product_quality category with status open. A follow-up checkpoint was scheduled to verify the fix held over the following cycles."
"DOC00040","Procurement expedite note PO000277","2025-06-24","procurement_note","Procurement note for Harvest Consumer Goods 31 (SUP031). Procurement expedited PO000277 to obtain the part needed after anomaly AE0130 was flagged on Metal Detector 031. Reliability engineering filed the record for the next preventive-maintenance review. The shift supervisor confirmed the corrective steps were completed within the same window."
"DOC00021","Outage impact note DT0141","2024-02-21","ops_incident_note","Incident review for Cartoner 002. The account team logged the interaction for continuity on the next review. CTR00077's delivery commitments were breached as a direct consequence of outage DT0141 on Cartoner 002."
"DOC00095","Contract scope note CTR00019","2025-01-19","account_contract_note","Contract scope note for Community Organization 144 (C144). CTR00019 explicitly excludes Whole Grain Cereal 500g (PRD006) from its committed volume; that SKU is handled under a separate spot arrangement. The shift supervisor confirmed the corrective steps were completed within the same window."
"DOC00189","Service ticket TKT000243 note","2024-04-03","crm_case","TKT000243 for Senior Household 054 (C054) concerns Missing item or component on PRD010; recorded as P2 in the delivery category with status resolved. Quality reported no secondary defects during the verification run."
"DOC00181","Anomaly AE0124 note","2024-02-26","maintenance_log","AE0124 on EQ025 (Filling Machine 025) was recorded as a low cold-chain temperature drift event. The technician verified the condition and returned the asset to service. Operators returned the asset to service under close observation."
"DOC00132","Anomaly AE0122 note","2024-10-14","maintenance_log","AE0122 on EQ035 (Metal Detector 035) was recorded as a critical barcode sensor dropout event. The technician verified the condition and returned the asset to service. Operators returned the asset to service under close observation."
"DOC00108","Anomaly AE0048 note","2025-09-23","maintenance_log","AE0048 on EQ009 (Filling Machine 009) was recorded as a low sealing pressure loss event. The technician verified the condition and returned the asset to service. The shift supervisor confirmed the corrective steps were completed within the same window."
"DOC00193","Service ticket TKT000403 note","2025-06-26","crm_case","TKT000403 for Family Household 106 (C106) concerns Wrong item received on PRD005; recorded as P3 in the delivery category with status escalated. Reliability engineering filed the record for the next preventive-maintenance review."
"DOC00087","Escalation root-cause note TKT000188","2025-01-23","crm_case","Escalation note for Senior Household 138 (C138). The root cause behind TKT000188 was identified as AE001. No change to the standard operating procedure was requested at this time."
"DOC00176","Contract CTR00059 review","2026-03-10","crm_case","CTR00059 covers Community Organization 142 (C142) from 2025-04-28 through 2027-04-28 at the basic service level, renewal non_renewing. The shift supervisor confirmed the corrective steps were completed within the same window."
"DOC00075","Account contract memo CTR00136","2025-03-10","account_contract_note","Account memo for Single Household 219 (C219). The volume commitment in CTR00136 applies specifically to Chicken Recipe Pet Treats 400g (PRD019). The note was retained for audit and supplier-review purposes."
"DOC00192","Service ticket TKT000487 note","2026-08-04","crm_case","TKT000487 for Student Household 197 (C197) concerns Missing item or component on PRD019; recorded as P3 in the product_quality category with status waiting_customer. Reliability engineering filed the record for the next preventive-maintenance review."
"DOC00114","Contract CTR00125 review","2024-07-03","crm_case","CTR00125 covers Community Organization 118 (C118) from 2025-08-06 through 2026-08-06 at the business service level, renewal manual. No change to the standard operating procedure was requested at this time."
"DOC00131","Service ticket TKT000376 note","2026-07-02","crm_case","TKT000376 for Small Business 154 (C154) concerns Item quality below expectation on PRD013; recorded as P2 in the billing category with status resolved. Operators returned the asset to service under close observation."
"DOC00103","Purchase order PO000673 status","2024-09-25","erp_note","PO000673 was issued to ValueMart Consumer Goods 04 (SUP004) on 2026-02-12 with expected date 2026-03-26; status received. No change to the standard operating procedure was requested at this time."
"DOC00067","Account contract memo CTR00068","2025-11-07","account_contract_note","Account memo for Student Household 222 (C222). Operators returned the asset to service under close observation. The note was retained for audit and supplier-review purposes. CTR00068 locks in a set quantity of AA Alkaline Batteries 16-Pack (PRD020); that SKU is the sole product covered by the agreement."
"DOC00166","Service ticket TKT000490 note","2026-11-22","crm_case","TKT000490 for Single Household 105 (C105) concerns Item quality below expectation on PRD013; recorded as P4 in the billing category with status open. A follow-up checkpoint was scheduled to verify the fix held over the following cycles."
"DOC00159","Anomaly AE0122 note","2024-07-07","maintenance_log","AE0122 on EQ035 (Metal Detector 035) was recorded as a critical barcode sensor dropout event. The technician verified the condition and returned the asset to service. The note was retained for audit and supplier-review purposes."
"DOC00034","Procurement expedite note PO000219","2024-10-12","procurement_note","Procurement note for Freshway Consumer Goods 14 (SUP014). The buyer opened PO000219 against Freshway Consumer Goods 14 to correct the fault recorded as AE0134. Operators returned the asset to service under close observation. Quality reported no secondary defects during the verification run."
"DOC00088","Escalation root-cause note TKT000414","2024-03-28","crm_case","Escalation note for Family Household 163 (C163). Reliability engineering filed the record for the next preventive-maintenance review. TKT000414 was escalated; reliability tied it to anomaly AE0106. Operators returned the asset to service under close observation."
"DOC00187","Service ticket TKT000248 note","2024-10-18","crm_case","TKT000248 for Small Business 170 (C170) concerns Package arrived damaged on PRD012; recorded as P4 in the product_quality category with status resolved. The account team logged the interaction for continuity on the next review."
"DOC00161","Purchase order PO000116 status","2026-05-01","erp_note","PO000116 was issued to HomeChoice Consumer Goods 19 (SUP019) on 2026-05-28 with expected date 2026-06-10; status open. The note was retained for audit and supplier-review purposes."
"DOC00085","Escalation root-cause note TKT000439","2025-07-21","crm_case","Escalation note for Family Household 038 (C038). The note was retained for audit and supplier-review purposes. No change to the standard operating procedure was requested at this time. Complaint TKT000439 was escalated to engineering, which traced it to anomaly AE0210 on Cartoner 036."
"DOC00123","Contract CTR00055 review","2024-10-16","crm_case","CTR00055 covers Community Organization 183 (C183) from 2026-11-01 through 2028-10-31 at the basic service level, renewal manual. The note was retained for audit and supplier-review purposes."
"DOC00154","Contract CTR00092 review","2024-08-01","crm_case","CTR00092 covers Community Organization 067 (C067) from 2024-01-13 through 2025-01-12 at the business service level, renewal auto. A follow-up checkpoint was scheduled to verify the fix held over the following cycles."
"DOC00016","Outage impact note DT0157","2025-02-06","ops_incident_note","Incident review for Metal Detector 011. The shift supervisor confirmed the corrective steps were completed within the same window. A missed-commitment note links DT0157 to CTR00068: the outage on Metal Detector 011 delayed the contracted lot."
"DOC00019","Outage impact note DT0137","2025-07-26","ops_incident_note","Incident review for Case Packer 020. The note was retained for audit and supplier-review purposes. The extended stoppage DT0137 on Case Packer 020 rippled downstream: shipments under contract CTR00108 slipped and the customer's committed delivery window was missed."
"DOC00053","Customer case note TKT000318","2025-11-13","crm_case","Case note for Single Household 011 (C011). No change to the standard operating procedure was requested at this time. TKT000318 was resolved by dispatching a replacement procured under PO000608."
"DOC00165","Anomaly AE0085 note","2026-01-24","maintenance_log","AE0085 on EQ040 (Palletizer 040) was recorded as a low sealing pressure loss event. The technician verified the condition and returned the asset to service. The note was retained for audit and supplier-review purposes."
"DOC00111","Contract CTR00096 review","2026-03-22","crm_case","CTR00096 covers Student Household 117 (C117) from 2025-11-03 through 2026-11-03 at the plus service level, renewal non_renewing. The account team logged the interaction for continuity on the next review."
"DOC00049","Customer case note TKT000281","2024-02-27","crm_case","Case note for Community Organization 161 (C161). Because no local inventory covered TKT000281, the swap unit was ordered on PO000386. Operators returned the asset to service under close observation."
"DOC00155","Contract CTR00176 review","2024-08-06","crm_case","CTR00176 covers Single Household 011 (C011) from 2026-08-20 through 2029-08-19 at the business service level, renewal non_renewing. The shift supervisor confirmed the corrective steps were completed within the same window."
"DOC00061","Account contract memo CTR00135","2024-03-22","account_contract_note","Account memo for Single Household 193 (C193). Under CTR00135, Single Household 193 commits to a fixed annual volume of Food Storage Containers 10pc (PRD015). The note was retained for audit and supplier-review purposes. No change to the standard operating procedure was requested at this time."
"DOC00144","Contract CTR00163 review","2026-05-19","crm_case","CTR00163 covers Student Household 017 (C017) from 2026-09-30 through 2027-09-30 at the basic service level, renewal manual. Quality reported no secondary defects during the verification run."
"DOC00024","Outage impact note DT0065","2026-09-26","ops_incident_note","Incident review for Label Applicator 024. The account team logged the interaction for continuity on the next review. Quality reported no secondary defects during the verification run. The extended stoppage DT0065 on Label Applicator 024 rippled downstream: shipments under contract CTR00110 slipped and the customer's committed delivery window was missed."
"DOC00058","Customer case note TKT000411","2026-08-28","crm_case","Case note for Community Organization 213 (C213). To satisfy TKT000411, a substitute unit was sourced through PO000259 rather than local stock. The note was retained for audit and supplier-review purposes. Operators returned the asset to service under close observation."
"DOC00090","Escalation root-cause note TKT000409","2024-04-07","crm_case","Escalation note for Single Household 097 (C097). The account team logged the interaction for continuity on the next review. TKT000409 was escalated; reliability tied it to anomaly AE0201."
"DOC00060","Customer case note TKT000140","2025-05-12","crm_case","Case note for Family Household 085 (C085). The note was retained for audit and supplier-review purposes. TKT000140 was resolved by dispatching a replacement procured under PO000088."
"DOC00069","Account contract memo CTR00080","2024-02-24","account_contract_note","Account memo for Family Household 025 (C025). Reliability engineering filed the record for the next preventive-maintenance review. A follow-up checkpoint was scheduled to verify the fix held over the following cycles. Under CTR00080, Family Household 025 commits to a fixed annual volume of Facial Tissue 3-Pack (PRD013)."
"DOC00099","Purchase order PO000472 status","2026-09-23","erp_note","PO000472 was issued to Everyday Consumer Goods 32 (SUP032) on 2026-10-31 with expected date 2026-11-06; status open. Quality reported no secondary defects during the verification run."
"DOC00007","Maintenance & MRO note DT0048","2026-10-26","maintenance_log","MRO follow-up for All-Purpose Cleaner 1L (PRD012). No change to the standard operating procedure was requested at this time. The shift supervisor confirmed the corrective steps were completed within the same window. Field notes for DT0048 record that the corrective part was ordered under PO000188 as a one-off procurement."
"DOC00091","Supplier quality note PO000382","2025-06-09","quality_review","Supplier quality note for Everyday Consumer Goods 08 (SUP008). Quality traced anomaly AE0101 on Filling Machine 010 back to substandard components supplied on PO000382. A follow-up checkpoint was scheduled to verify the fix held over the following cycles."
"DOC00135","Anomaly AE0089 note","2026-09-23","maintenance_log","AE0089 on EQ035 (Metal Detector 035) was recorded as a medium power instability event. The technician verified the condition and returned the asset to service. Reliability engineering filed the record for the next preventive-maintenance review."
"DOC00064","Account contract memo CTR00112","2024-07-11","account_contract_note","Account memo for Family Household 173 (C173). Family Household 173's contract CTR00112 guarantees offtake of All-Purpose Cleaner 1L (PRD012) each year. Operators returned the asset to service under close observation."
"DOC00150","Purchase order PO000055 status","2024-03-18","erp_note","PO000055 was issued to Everyday Consumer Goods 32 (SUP032) on 2025-01-23 with expected date 2025-01-29; status received. The account team logged the interaction for continuity on the next review."
"DOC00050","Customer case note TKT000266","2026-10-24","crm_case","Case note for Small Business 032 (C032). The replacement unit shipped to close complaint TKT000266 was not held locally; it came in under purchase order PO000612. The note was retained for audit and supplier-review purposes."
"DOC00141","Service ticket TKT000065 note","2025-10-14","crm_case","TKT000065 for Community Organization 073 (C073) concerns Refund status question on PRD013; recorded as P3 in the delivery category with status escalated. Reliability engineering filed the record for the next preventive-maintenance review."
"DOC00147","Anomaly AE0038 note","2026-09-26","maintenance_log","AE0038 on EQ040 (Palletizer 040) was recorded as a medium conveyor bearing vibration event. The technician verified the condition and returned the asset to service. No change to the standard operating procedure was requested at this time."
"DOC00068","Account contract memo CTR00160","2025-02-28","account_contract_note","Account memo for Single Household 010 (C010). A follow-up checkpoint was scheduled to verify the fix held over the following cycles. Quality reported no secondary defects during the verification run. Under CTR00160, Single Household 010 commits to a fixed annual volume of Chicken Recipe Pet Treats 400g (PRD019)."
"DOC00136","Anomaly AE0208 note","2026-01-01","maintenance_log","AE0208 on EQ001 (Checkweigher 001) was recorded as a high label vision inspection failure event. The technician verified the condition and returned the asset to service. The account team logged the interaction for continuity on the next review."
"DOC00170","Anomaly AE0096 note","2026-02-15","maintenance_log","AE0096 on EQ020 (Case Packer 020) was recorded as a low sealing pressure loss event. The technician verified the condition and returned the asset to service. Operators returned the asset to service under close observation."
"DOC00115","Contract CTR00012 review","2024-04-25","crm_case","CTR00012 covers Senior Household 149 (C149) from 2025-07-20 through 2027-07-20 at the plus service level, renewal non_renewing. The account team logged the interaction for continuity on the next review."
"DOC00044","Procurement expedite note PO000589","2025-01-23","procurement_note","Procurement note for Everyday Consumer Goods 12 (SUP012). A follow-up checkpoint was scheduled to verify the fix held over the following cycles. The buyer opened PO000589 against Everyday Consumer Goods 12 to correct the fault recorded as AE0114. The shift supervisor confirmed the corrective steps were completed within the same window."
"DOC00018","Outage impact note DT0085","2024-09-14","ops_incident_note","Incident review for Palletizer 040. Because DT0085 kept Palletizer 040 down, the volume promised under CTR00152 could not be fulfilled on schedule. Reliability engineering filed the record for the next preventive-maintenance review."
"DOC00005","Maintenance & MRO note DT0157","2025-04-02","maintenance_log","MRO follow-up for Liquid Laundry Detergent 2L (PRD002). To recover from DT0157, the team expedited PO000480 for the missing component; no catalogued supplier of Liquid Laundry Detergent 2L could ship in time. Reliability engineering filed the record for the next preventive-maintenance review. Operators returned the asset to service under close observation."
"DOC00105","Anomaly AE0016 note","2024-10-17","maintenance_log","AE0016 on EQ036 (Cartoner 036) was recorded as a medium packing cycle time deviation event. The technician verified the condition and returned the asset to service. Quality reported no secondary defects during the verification run."
"DOC00167","Anomaly AE0059 note","2026-05-17","maintenance_log","AE0059 on EQ037 (Label Applicator 037) was recorded as a low packing cycle time deviation event. The technician verified the condition and returned the asset to service. A follow-up checkpoint was scheduled to verify the fix held over the following cycles."
"DOC00066","Account contract memo CTR00074","2025-11-13","account_contract_note","Account memo for Family Household 102 (C102). The volume commitment in CTR00074 applies specifically to Drawstring Trash Bags 30ct (PRD011). Reliability engineering filed the record for the next preventive-maintenance review."
"DOC00140","Purchase order PO000366 status","2024-06-16","erp_note","PO000366 was issued to Northstar Consumer Goods 09 (SUP009) on 2026-01-17 with expected date 2026-02-21; status received. Quality reported no secondary defects during the verification run."
"DOC00036","Procurement expedite note PO000461","2026-10-12","procurement_note","Procurement note for ValueMart Consumer Goods 13 (SUP013). To address AE0176, an expedited order PO000461 was placed with the supplier. The account team logged the interaction for continuity on the next review. A follow-up checkpoint was scheduled to verify the fix held over the following cycles."
"DOC00139","Anomaly AE0059 note","2025-05-24","maintenance_log","AE0059 on EQ037 (Label Applicator 037) was recorded as a low packing cycle time deviation event. The technician verified the condition and returned the asset to service. No change to the standard operating procedure was requested at this time."
"DOC00041","Procurement expedite note PO000488","2024-03-22","procurement_note","Procurement note for Everyday Consumer Goods 32 (SUP032). The account team logged the interaction for continuity on the next review. No change to the standard operating procedure was requested at this time. The buyer opened PO000488 against Everyday Consumer Goods 32 to correct the fault recorded as AE0162."
"DOC00121","Service ticket TKT000143 note","2026-01-24","crm_case","TKT000143 for Small Business 179 (C179) concerns Missing item or component on PRD003; recorded as P2 in the return_refund category with status waiting_customer. Reliability engineering filed the record for the next preventive-maintenance review."
"DOC00002","Maintenance & MRO note DT0170","2026-10-25","maintenance_log","MRO follow-up for Frozen Mixed Vegetables 1kg (PRD009). The replacement part needed to clear DT0170 was procured under PO000525; this MRO buy sits outside the normal order-line master. A follow-up checkpoint was scheduled to verify the fix held over the following cycles. Reliability engineering filed the record for the next preventive-maintenance review."
"DOC00194","Anomaly AE0077 note","2024-11-21","maintenance_log","AE0077 on EQ036 (Cartoner 036) was recorded as a low cold-chain temperature drift event. The technician verified the condition and returned the asset to service. Operators returned the asset to service under close observation."
"DOC00195","Purchase order PO000352 status","2025-04-12","erp_note","PO000352 was issued to HomeChoice Consumer Goods 29 (SUP029) on 2026-12-07 with expected date 2026-12-12; status received. The shift supervisor confirmed the corrective steps were completed within the same window."
"DOC00119","Contract CTR00030 review","2025-05-04","crm_case","CTR00030 covers Family Household 113 (C113) from 2024-02-12 through 2027-02-11 at the plus service level, renewal manual. A follow-up checkpoint was scheduled to verify the fix held over the following cycles."
"DOC00177","Contract CTR00150 review","2025-11-24","crm_case","CTR00150 covers Community Organization 049 (C049) from 2026-01-16 through 2029-01-15 at the business service level, renewal manual. Quality reported no secondary defects during the verification run."
"DOC00045","Procurement expedite note PO000434","2026-07-18","procurement_note","Procurement note for Northstar Consumer Goods 16 (SUP016). The account team logged the interaction for continuity on the next review. Procurement expedited PO000434 to obtain the part needed after anomaly AE0013 was flagged on Label Applicator 029."
"DOC00011","Maintenance & MRO note DT0206","2026-11-26","maintenance_log","MRO follow-up for Arts and Crafts Storage Box (PRD001). To recover from DT0206, the team expedited PO000434 for the missing component; no catalogued supplier of Arts and Crafts Storage Box could ship in time. Operators returned the asset to service under close observation."
"DOC00038","Procurement expedite note PO000604","2024-11-03","procurement_note","Procurement note for Northstar Consumer Goods 15 (SUP015). Operators returned the asset to service under close observation. Notes tie PO000604 to AE0094: the order covered the replacement that the anomaly required. Quality reported no secondary defects during the verification run."
"DOC00080","Escalation root-cause note TKT000471","2024-03-08","crm_case","Escalation note for Community Organization 160 (C160). The account team logged the interaction for continuity on the next review. TKT000471 was escalated; reliability tied it to anomaly AE0156. Quality reported no secondary defects during the verification run."
"DOC00129","Contract CTR00056 review","2026-06-22","crm_case","CTR00056 covers Senior Household 111 (C111) from 2025-07-30 through 2026-07-30 at the basic service level, renewal manual. The shift supervisor confirmed the corrective steps were completed within the same window."
"DOC00052","Customer case note TKT000079","2025-07-22","crm_case","Case note for Community Organization 203 (C203). The replacement unit shipped to close complaint TKT000079 was not held locally; it came in under purchase order PO000205. Operators returned the asset to service under close observation."
"DOC00184","Contract CTR00018 review","2025-12-27","crm_case","CTR00018 covers Single Household 037 (C037) from 2024-09-22 through 2025-09-22 at the basic service level, renewal auto. The shift supervisor confirmed the corrective steps were completed within the same window."
"DOC00059","Customer case note TKT000255","2026-10-28","crm_case","Case note for Small Business 154 (C154). Quality reported no secondary defects during the verification run. The account team logged the interaction for continuity on the next review. TKT000255 was resolved by dispatching a replacement procured under PO000230."
"DOC00073","Account contract memo CTR00173","2025-12-08","account_contract_note","Account memo for Student Household 194 (C194). Reliability engineering filed the record for the next preventive-maintenance review. The volume commitment in CTR00173 applies specifically to Facial Tissue 3-Pack (PRD013). The account team logged the interaction for continuity on the next review."
"DOC00082","Escalation root-cause note TKT000394","2025-05-03","crm_case","Escalation note for Small Business 027 (C027). No change to the standard operating procedure was requested at this time. The root cause behind TKT000394 was identified as AE0106."
"DOC00008","Maintenance & MRO note DT0202","2025-08-14","maintenance_log","MRO follow-up for Paper Towels 6-Roll (PRD005). The shift supervisor confirmed the corrective steps were completed within the same window. When downtime DT0202 halted output of Paper Towels 6-Roll (PRD005), the failed component had no spare on hand, so an emergency replacement was raised under purchase order PO000333."
"DOC00143","Service ticket TKT000127 note","2025-06-19","crm_case","TKT000127 for Single Household 182 (C182) concerns Refund status question on PRD006; recorded as P3 in the return_refund category with status resolved. The note was retained for audit and supplier-review purposes."
"DOC00137","Anomaly AE0073 note","2025-07-10","maintenance_log","AE0073 on EQ035 (Metal Detector 035) was recorded as a medium packing cycle time deviation event. The technician verified the condition and returned the asset to service. The account team logged the interaction for continuity on the next review."
"DOC00072","Account contract memo CTR00091","2026-11-17","account_contract_note","Account memo for Family Household 031 (C031). A follow-up checkpoint was scheduled to verify the fix held over the following cycles. Under CTR00091, Family Household 031 commits to a fixed annual volume of Tomato Pasta Sauce 680g (PRD003). The note was retained for audit and supplier-review purposes."
"DOC00062","Account contract memo CTR00071","2024-10-14","account_contract_note","Account memo for Single Household 105 (C105). The volume commitment in CTR00071 applies specifically to LED Light Bulb 4-Pack (PRD014). Reliability engineering filed the record for the next preventive-maintenance review. The note was retained for audit and supplier-review purposes."
"DOC00015","Maintenance & MRO note DT0111","2024-07-22","maintenance_log","MRO follow-up for Dish Soap 750ml (PRD010). Field notes for DT0111 record that the corrective part was ordered under PO000641 as a one-off procurement. The note was retained for audit and supplier-review purposes."
"DOC00106","Service ticket TKT000331 note","2026-09-14","crm_case","TKT000331 for Family Household 234 (C234) concerns Item quality below expectation on PRD010; recorded as P4 in the product_information category with status resolved. The account team logged the interaction for continuity on the next review."
"DOC00012","Maintenance & MRO note DT0045","2025-02-26","maintenance_log","MRO follow-up for Creamy Peanut Butter 510g (PRD007). Reliability engineering filed the record for the next preventive-maintenance review. To recover from DT0045, the team expedited PO000216 for the missing component; no catalogued supplier of Creamy Peanut Butter 510g could ship in time."
"DOC00037","Procurement expedite note PO000021","2026-09-03","procurement_note","Procurement note for Northstar Consumer Goods 09 (SUP009). Notes tie PO000021 to AE0175: the order covered the replacement that the anomaly required. No change to the standard operating procedure was requested at this time. Quality reported no secondary defects during the verification run."
"DOC00100","Anomaly AE0157 note","2024-11-14","maintenance_log","AE0157 on EQ011 (Metal Detector 011) was recorded as a high label vision inspection failure event. The technician verified the condition and returned the asset to service. Reliability engineering filed the record for the next preventive-maintenance review."
"DOC00081","Escalation root-cause note TKT000441","2025-04-13","crm_case","Escalation note for Student Household 018 (C018). Quality reported no secondary defects during the verification run. Engineering linked TKT000441 to the fault AE0138 recorded during the same period."
"DOC00107","Contract CTR00178 review","2026-09-23","crm_case","CTR00178 covers Single Household 062 (C062) from 2024-12-22 through 2025-12-22 at the business service level, renewal manual. Quality reported no secondary defects during the verification run."
"DOC00196","Anomaly AE0185 note","2024-02-19","maintenance_log","AE0185 on EQ004 (Filling Machine 004) was recorded as a low power instability event. The technician verified the condition and returned the asset to service. The account team logged the interaction for continuity on the next review."
"DOC00022","Outage impact note DT0208","2026-08-28","ops_incident_note","Incident review for Checkweigher 001. The shift supervisor confirmed the corrective steps were completed within the same window. Because DT0208 kept Checkweigher 001 down, the volume promised under CTR00038 could not be fulfilled on schedule. Operators returned the asset to service under close observation."
"DOC00164","Contract CTR00031 review","2026-05-02","crm_case","CTR00031 covers Community Organization 184 (C184) from 2025-06-11 through 2028-06-10 at the business service level, renewal non_renewing. A follow-up checkpoint was scheduled to verify the fix held over the following cycles."
"DOC00153","Purchase order PO000071 status","2024-09-06","erp_note","PO000071 was issued to Harvest Consumer Goods 31 (SUP031) on 2026-08-07 with expected date 2026-09-12; status open. Reliability engineering filed the record for the next preventive-maintenance review."
"DOC00065","Account contract memo CTR00139","2026-09-11","account_contract_note","Account memo for Senior Household 204 (C204). The account team logged the interaction for continuity on the next review. Under CTR00139, Senior Household 204 commits to a fixed annual volume of Paper Towels 6-Roll (PRD005). No change to the standard operating procedure was requested at this time."
"DOC00004","Maintenance & MRO note DT0095","2024-09-14","maintenance_log","MRO follow-up for Acrylic Paint Set 12ct (PRD018). The shift supervisor confirmed the corrective steps were completed within the same window. To recover from DT0095, the team expedited PO000555 for the missing component; no catalogued supplier of Acrylic Paint Set 12ct could ship in time."
"DOC00094","Supply disruption note DT0097","2025-04-25","ops_incident_note","Supply-disruption note for Kids Building Blocks 120pc (PRD017). The delayed arrival of purchase order PO000633 left Filling Machine 005 without materials and triggered downtime DT0097. The note was retained for audit and supplier-review purposes. Reliability engineering filed the record for the next preventive-maintenance review."
"DOC00096","Contract scope note CTR00174","2025-04-10","account_contract_note","Contract scope note for Family Household 218 (C218). No change to the standard operating procedure was requested at this time. CTR00174 explicitly excludes Food Storage Containers 10pc (PRD015) from its committed volume; that SKU is handled under a separate spot arrangement."
"DOC00151","Anomaly AE0198 note","2025-10-15","maintenance_log","AE0198 on EQ008 (Conveyor 008) was recorded as a medium barcode sensor dropout event. The technician verified the condition and returned the asset to service. No change to the standard operating procedure was requested at this time."
"DOC00171","Service ticket TKT000039 note","2026-02-10","crm_case","TKT000039 for Small Business 013 (C013) concerns Wrong item received on PRD014; recorded as P3 in the billing category with status open. Operators returned the asset to service under close observation."
"DOC00173","Contract CTR00056 review","2026-06-02","crm_case","CTR00056 covers Senior Household 111 (C111) from 2025-07-30 through 2026-07-30 at the basic service level, renewal manual. The account team logged the interaction for continuity on the next review."
"DOC00003","Maintenance & MRO note DT0087","2024-09-02","maintenance_log","MRO follow-up for LED Light Bulb 4-Pack (PRD014). Quality reported no secondary defects during the verification run. The note was retained for audit and supplier-review purposes. To recover from DT0087, the team expedited PO000301 for the missing component; no catalogued supplier of LED Light Bulb 4-Pack could ship in time."
"DOC00148","Anomaly AE011 note","2026-12-18","maintenance_log","AE011 on EQ002 (Cartoner 002) was recorded as a low routine alert event. The technician verified the condition and returned the asset to service. No change to the standard operating procedure was requested at this time."
"DOC00125","Contract CTR00041 review","2026-05-27","crm_case","CTR00041 covers Community Organization 144 (C144) from 2025-10-25 through 2027-10-25 at the business service level, renewal manual. A follow-up checkpoint was scheduled to verify the fix held over the following cycles."
"DOC00118","Service ticket TKT000323 note","2025-11-09","crm_case","TKT000323 for Senior Household 066 (C066) concerns Missing item or component on PRD004; recorded as P4 in the return_refund category with status escalated. A follow-up checkpoint was scheduled to verify the fix held over the following cycles."
"DOC00054","Customer case note TKT000248","2026-09-08","crm_case","Case note for Small Business 170 (C170). Because no local inventory covered TKT000248, the swap unit was ordered on PO000243. Operators returned the asset to service under close observation."
"DOC00149","Service ticket TKT000462 note","2026-09-21","crm_case","TKT000462 for Family Household 127 (C127) concerns Ingredient or product information request on PRD016; recorded as P4 in the missing_item category with status resolved. Reliability engineering filed the record for the next preventive-maintenance review."
"DOC00183","Service ticket TKT000216 note","2024-03-18","crm_case","TKT000216 for Small Business 041 (C041) concerns Item quality below expectation on PRD007; recorded as P4 in the product_information category with status resolved. The account team logged the interaction for continuity on the next review."
"DOC00178","Contract CTR00165 review","2024-06-17","crm_case","CTR00165 covers Community Organization 189 (C189) from 2024-07-24 through 2027-07-24 at the plus service level, renewal manual. Quality reported no secondary defects during the verification run."
"DOC00074","Account contract memo CTR00131","2026-06-26","account_contract_note","Account memo for Single Household 190 (C190). The note was retained for audit and supplier-review purposes. Under CTR00131, Single Household 190 commits to a fixed annual volume of Drawstring Trash Bags 30ct (PRD011). No change to the standard operating procedure was requested at this time."
"DOC00128","Purchase order PO000513 status","2024-11-15","erp_note","PO000513 was issued to HomeChoice Consumer Goods 29 (SUP029) on 2025-11-27 with expected date 2025-12-02; status received. The shift supervisor confirmed the corrective steps were completed within the same window."
"DOC00175","Anomaly AE0120 note","2026-03-05","maintenance_log","AE0120 on EQ008 (Conveyor 008) was recorded as a low label vision inspection failure event. The technician verified the condition and returned the asset to service. Operators returned the asset to service under close observation."
"DOC00001","Maintenance & MRO note DT0126","2024-12-10","maintenance_log","MRO follow-up for Food Storage Containers 10pc (PRD015). Because DT0126 took Checkweigher 001 offline, maintenance sourced the substitute part through purchase order PO000544 rather than from standard stock. A follow-up checkpoint was scheduled to verify the fix held over the following cycles. The shift supervisor confirmed the corrective steps were completed within the same window."
"DOC00048","Customer case note TKT000183","2024-10-02","crm_case","Case note for Community Organization 217 (C217). To satisfy TKT000183, a substitute unit was sourced through PO000559 rather than local stock. Operators returned the asset to service under close observation."
"DOC00116","Purchase order PO000603 status","2024-03-18","erp_note","PO000603 was issued to ValueMart Consumer Goods 23 (SUP023) on 2026-01-16 with expected date 2026-01-24; status received. A follow-up checkpoint was scheduled to verify the fix held over the following cycles."
"DOC00083","Escalation root-cause note TKT000167","2024-12-09","crm_case","Escalation note for Small Business 145 (C145). The note was retained for audit and supplier-review purposes. The account team logged the interaction for continuity on the next review. TKT000167 was escalated; reliability tied it to anomaly AE0015."
"DOC00076","Escalation root-cause note TKT000335","2026-02-17","crm_case","Escalation note for Small Business 181 (C181). No change to the standard operating procedure was requested at this time. Engineering linked TKT000335 to the fault AE0157 recorded during the same period."
"DOC00101","Contract CTR00027 review","2024-03-13","crm_case","CTR00027 covers Community Organization 177 (C177) from 2025-04-24 through 2027-04-24 at the plus service level, renewal auto. The shift supervisor confirmed the corrective steps were completed within the same window."
"DOC00138","Service ticket TKT000106 note","2024-01-11","crm_case","TKT000106 for Single Household 010 (C010) concerns Missing item or component on PRD015; recorded as P2 in the product_quality category with status resolved. A follow-up checkpoint was scheduled to verify the fix held over the following cycles."
"DOC00130","Contract CTR00145 review","2024-09-06","crm_case","CTR00145 covers Senior Household 035 (C035) from 2026-07-30 through 2027-07-30 at the business service level, renewal auto. The account team logged the interaction for continuity on the next review."
"DOC00046","Customer case note TKT000327","2025-04-28","crm_case","Case note for Small Business 013 (C013). The shift supervisor confirmed the corrective steps were completed within the same window. Reliability engineering filed the record for the next preventive-maintenance review. Because no local inventory covered TKT000327, the swap unit was ordered on PO000129."
"DOC00098","Purchase order PO000078 status","2025-07-20","erp_note","PO000078 was issued to Everyday Consumer Goods 08 (SUP008) on 2026-12-01 with expected date 2026-12-14; status open. The shift supervisor confirmed the corrective steps were completed within the same window."
"DOC00055","Customer case note TKT000071","2024-09-04","crm_case","Case note for Small Business 014 (C014). No change to the standard operating procedure was requested at this time. The replacement unit shipped to close complaint TKT000071 was not held locally; it came in under purchase order PO000162."
"DOC00043","Procurement expedite note PO000497","2024-03-17","procurement_note","Procurement note for Northstar Consumer Goods 11 (SUP011). Notes tie PO000497 to AE007: the order covered the replacement that the anomaly required. Quality reported no secondary defects during the verification run."
"DOC00057","Customer case note TKT000061","2025-11-11","crm_case","Case note for Single Household 192 (C192). Because no local inventory covered TKT000061, the swap unit was ordered on PO000657. Quality reported no secondary defects during the verification run. The shift supervisor confirmed the corrective steps were completed within the same window."
"DOC00070","Account contract memo CTR00060","2024-07-11","account_contract_note","Account memo for Senior Household 159 (C159). CTR00060 locks in a set quantity of Kids Building Blocks 120pc (PRD017); that SKU is the sole product covered by the agreement. The account team logged the interaction for continuity on the next review."
"DOC00056","Customer case note TKT000305","2024-08-28","crm_case","Case note for Family Household 223 (C223). Quality reported no secondary defects during the verification run. Reliability engineering filed the record for the next preventive-maintenance review. The replacement unit shipped to close complaint TKT000305 was not held locally; it came in under purchase order PO000129."
"DOC00006","Maintenance & MRO note DT0180","2026-10-11","maintenance_log","MRO follow-up for Chicken Recipe Pet Treats 400g (PRD019). The note was retained for audit and supplier-review purposes. To recover from DT0180, the team expedited PO000101 for the missing component; no catalogued supplier of Chicken Recipe Pet Treats 400g could ship in time."
"DOC00163","Purchase order PO000626 status","2024-04-20","erp_note","PO000626 was issued to Everyday Consumer Goods 26 (SUP026) on 2024-01-22 with expected date 2024-02-22; status received. Quality reported no secondary defects during the verification run."
"DOC00117","Service ticket TKT000425 note","2026-01-12","crm_case","TKT000425 for Community Organization 078 (C078) concerns Ingredient or product information request on PRD006; recorded as P3 in the delivery category with status resolved. Reliability engineering filed the record for the next preventive-maintenance review."
"DOC00146","Anomaly AE0162 note","2026-04-04","maintenance_log","AE0162 on EQ019 (Filling Machine 019) was recorded as a medium sealing pressure loss event. The technician verified the condition and returned the asset to service. A follow-up checkpoint was scheduled to verify the fix held over the following cycles."
"DOC00134","Service ticket TKT000025 note","2025-07-12","crm_case","TKT000025 for Student Household 230 (C230) concerns Item quality below expectation on PRD020; recorded as P2 in the missing_item category with status resolved. The shift supervisor confirmed the corrective steps were completed within the same window."
"DOC00152","Service ticket TKT000254 note","2026-01-24","crm_case","TKT000254 for Student Household 191 (C191) concerns Missing item or component on PRD014; recorded as P4 in the product_quality category with status resolved. Quality reported no secondary defects during the verification run."
"DOC00026","Outage impact note DT0199","2024-10-03","ops_incident_note","Incident review for Cartoner 028. A follow-up checkpoint was scheduled to verify the fix held over the following cycles. A missed-commitment note links DT0199 to CTR00150: the outage on Cartoner 028 delayed the contracted lot."
